SNAPSHOT_TIME;HOST;PORT;SESS_NUM;TOTAL_TH;WAIT_TH;BUSY_TH;SQL_WAIT_TH;SQL_BUSY_TH;JOB_WAIT_TH;JOB_BUSY_TH;REQ_WAIT_TH;REQ_BUSY_TH;OTH_WAIT_TH;OTH_BUSY_TH;SQL_WAIT_TH_S;SQL_BUSY_TH_S;JOB_WAIT_TH_S;JOB_BUSY_TH_S;REQ_WAIT_TH_S;REQ_BUSY_TH_S;OTH_WAIT_TH_S;OTH_BUSY_TH_S
2021/08/30 00:10:00;s4hd1prd;30.103;      1;     19;      3;     16;      1;      0;      2;     16;      0;      0;      0;      0;   1.00;   0.00;   2.00;  16.00;   0.00;   0.00;   0.00;   0.00
2021/08/30 01:08:00;s4hd1prd;30.103;      1;      2;      1;      1;      1;      0;      0;      1;      0;      0;      0;      0;   1.00;   0.00;   0.00;   1.00;   0.00;   0.00;   0.00;   0.00
2021/08/30 01:22:00;s4hd1prd;30.103;      1;     21;      5;     16;      1;      0;      4;     16;      0;      0;      0;      0;   1.00;   0.00;   4.00;  16.00;   0.00;   0.00;   0.00;   0.00
2021/08/30 01:34:00;s4hd1prd;30.103;      2;     39;      7;     32;      2;      0;      5;     32;      0;      0;      0;      0;   1.00;   0.00;   2.50;  16.00;   0.00;   0.00;   0.00;   0.00
2021/08/30 01:40:00;s4hd1prd;30.103;      1;     20;      4;     16;      1;      0;      3;     16;      0;      0;      0;      0;   1.00;   0.00;   3.00;  16.00;   0.00;   0.00;   0.00;   0.00
2021/08/30 01:44:00;s4hd1prd;30.103;      1;     20;      4;     16;      1;      0;      3;     16;      0;      0;      0;      0;   1.00;   0.00;   3.00;  16.00;   0.00;   0.00;   0.00;   0.00
2021/08/30 01:52:00;s4hd1prd;30.103;      1;     21;      5;     16;      1;      0;      4;     16;      0;      0;      0;      0;   1.00;   0.00;   4.00;  16.00;   0.00;   0.00;   0.00;   0.00
2021/08/30 03:10:00;s4hd1prd;30.103;      1;     21;      5;     16;      1;      0;      4;     16;      0;      0;      0;      0;   1.00;   0.00;   4.00;  16.00;   0.00;   0.00;   0.00;   0.00
2021/08/30 03:22:00;s4hd1prd;30.103;      1;     21;      5;     16;      1;      0;      4;     16;      0;      0;      0;      0;   1.00;   0.00;   4.00;  16.00;   0.00;   0.00;   0.00;   0.00
2021/08/30 03:56:00;s4hd1prd;30.103;      1;     20;      4;     16;      1;      0;      3;     16;      0;      0;      0;      0;   1.00;   0.00;   3.00;  16.00;   0.00;   0.00;   0.00;   0.00
2021/08/30 04:02:00;s4hd1prd;30.103;      1;     21;      5;     16;      1;      0;      4;     16;      0;      0;      0;      0;   1.00;   0.00;   4.00;  16.00;   0.00;   0.00;   0.00;   0.00
2021/08/30 04:16:00;s4hd1prd;30.103;      1;     21;      5;     16;      1;      0;      4;     16;      0;      0;      0;      0;   1.00;   0.00;   4.00;  16.00;   0.00;   0.00;   0.00;   0.00
2021/08/30 04:42:00;s4hd1prd;30.103;      1;     21;      5;     16;      1;      0;      4;     16;      0;      0;      0;      0;   1.00;   0.00;   4.00;  16.00;   0.00;   0.00;   0.00;   0.00
2021/08/30 04:56:00;s4hd1prd;30.103;      1;      2;      1;      1;      1;      0;      0;      1;      0;      0;      0;      0;   1.00;   0.00;   0.00;   1.00;   0.00;   0.00;   0.00;   0.00
2021/08/30 04:58:00;s4hd1prd;30.103;      1;     21;      5;     16;      1;      0;      4;     16;      0;      0;      0;      0;   1.00;   0.00;   4.00;  16.00;   0.00;   0.00;   0.00;   0.00
2021/08/30 05:00:00;s4hd1prd;30.103;      2;     22;      5;     17;      2;      0;      3;     17;      0;      0;      0;      0;   1.00;   0.00;   3.00;  12.25;   0.00;   0.00;   0.00;   0.00
2021/08/30 05:04:00;s4hd1prd;30.103;      2;     32;      6;     26;      2;      0;      4;     26;      0;      0;      0;      0;   1.00;   0.00;   3.00;  14.50;   0.00;   0.00;   0.00;   0.00
2021/08/30 05:08:00;s4hd1prd;30.103;      1;     19;      3;     16;      1;      0;      2;     16;      0;      0;      0;      0;   1.00;   0.00;   2.00;  16.00;   0.00;   0.00;   0.00;   0.00
2021/08/30 05:10:00;s4hd1prd;30.103;      1;     20;      4;     16;      1;      0;      3;     16;      0;      0;      0;      0;   1.00;   0.00;   2.50;   8.50;   0.00;   0.00;   0.00;   0.00
2021/08/30 05:20:00;s4hd1prd;30.103;      1;      2;      1;      1;      1;      0;      0;      1;      0;      0;      0;      0;   1.00;   0.00;   0.00;   1.00;   0.00;   0.00;   0.00;   0.00
2021/08/30 05:26:00;s4hd1prd;30.103;      1;     21;      5;     16;      1;      0;      4;     16;      0;      0;      0;      0;   1.00;   0.00;   3.66;  16.00;   0.00;   0.00;   0.00;   0.00
2021/08/30 05:28:00;s4hd1prd;30.103;      2;     25;      7;     18;      2;      0;      5;     18;      0;      0;      0;      0;   1.00;   0.00;   2.75;  12.50;   0.00;   0.00;   0.00;   0.00
2021/08/30 05:32:00;s4hd1prd;30.103;      1;     20;      4;     16;      1;      0;      3;     16;      0;      0;      0;      0;   1.00;   0.00;   3.00;  16.00;   0.00;   0.00;   0.00;   0.00
2021/08/30 05:38:00;s4hd1prd;30.103;      1;      2;      1;      1;      1;      0;      0;      1;      0;      0;      0;      0;   1.00;   0.00;   0.00;   1.00;   0.00;   0.00;   0.00;   0.00
2021/08/30 06:02:00;s4hd1prd;30.103;      1;      5;      3;      2;      1;      0;      2;      2;      0;      0;      0;      0;   1.00;   0.00;   2.00;   2.00;   0.00;   0.00;   0.00;   0.00
2021/08/30 06:04:00;s4hd1prd;30.103;      1;     21;      5;     16;      1;      0;      4;     16;      0;      0;      0;      0;   1.00;   0.00;   4.00;  16.00;   0.00;   0.00;   0.00;   0.00
2021/08/30 06:06:00;s4hd1prd;30.103;      1;     21;      5;     16;      1;      0;      4;     16;      0;      0;      0;      0;   1.00;   0.00;   4.00;  16.00;   0.00;   0.00;   0.00;   0.00
2021/08/30 06:10:00;s4hd1prd;30.103;      1;     21;      5;     16;      1;      0;      4;     16;      0;      0;      0;      0;   1.00;   0.00;   4.00;  16.00;   0.00;   0.00;   0.00;   0.00
2021/08/30 06:12:00;s4hd1prd;30.103;      1;     20;      4;     16;      1;      0;      3;     16;      0;      0;      0;      0;   1.00;   0.00;   2.50;   9.00;   0.00;   0.00;   0.00;   0.00
2021/08/30 06:24:00;s4hd1prd;30.103;      3;     42;      9;     33;      3;      0;      6;     33;      0;      0;      0;      0;   1.00;   0.00;   3.00;  11.00;   0.00;   0.00;   0.00;   0.00
2021/08/30 06:26:00;s4hd1prd;30.103;      2;     30;      8;     22;      2;      0;      6;     22;      0;      0;      0;      0;   1.00;   0.00;   2.87;   7.50;   0.00;   0.00;   0.00;   0.00
2021/08/30 06:28:00;s4hd1prd;30.103;      2;     22;      5;     17;      2;      0;      3;     17;      0;      0;      0;      0;   1.00;   0.00;   2.50;   5.25;   0.00;   0.00;   0.00;   0.00
2021/08/30 06:30:00;s4hd1prd;30.103;      1;     21;      5;     16;      1;      0;      4;     16;      0;      0;      0;      0;   1.00;   0.00;   3.00;  16.00;   0.00;   0.00;   0.00;   0.00
2021/08/30 06:32:00;s4hd1prd;30.103;      1;     20;      4;     16;      1;      0;      3;     16;      0;      0;      0;      0;   1.00;   0.00;   2.50;  16.00;   0.00;   0.00;   0.00;   0.00
2021/08/30 06:34:00;s4hd1prd;30.103;      2;     21;      5;     16;      2;      0;      3;     16;      0;      0;      0;      0;   1.00;   0.00;   1.50;   8.50;   0.00;   0.00;   0.00;   0.00
2021/08/30 06:36:00;s4hd1prd;30.103;      1;     21;      5;     16;      1;      0;      4;     16;      0;      0;      0;      0;   1.00;   0.00;   2.33;   6.00;   0.00;   0.00;   0.00;   0.00
2021/08/30 06:40:00;s4hd1prd;30.103;      2;     22;      5;     17;      2;      0;      3;     17;      0;      0;      0;      0;   1.00;   0.00;   3.00;   8.50;   0.00;   0.00;   0.00;   0.00
2021/08/30 06:42:00;s4hd1prd;30.103;      1;     21;      5;     16;      1;      0;      4;     16;      0;      0;      0;      0;   1.00;   0.00;   4.00;  16.00;   0.00;   0.00;   0.00;   0.00
2021/08/30 06:44:00;s4hd1prd;30.103;      1;     20;      4;     16;      1;      0;      3;     16;      0;      0;      0;      0;   1.00;   0.00;   3.00;  16.00;   0.00;   0.00;   0.00;   0.00
2021/08/30 06:46:00;s4hd1prd;30.103;      2;     40;      8;     32;      2;      0;      6;     32;      0;      0;      0;      0;   1.00;   0.00;   2.00;  12.25;   0.00;   0.00;   0.00;   0.00
2021/08/30 06:48:00;s4hd1prd;30.103;      1;     11;      3;      8;      1;      0;      2;      8;      0;      0;      0;      0;   1.00;   0.00;   2.00;   8.00;   0.00;   0.00;   0.00;   0.00
2021/08/30 06:50:00;s4hd1prd;30.103;      2;      7;      4;      3;      2;      0;      2;      3;      0;      0;      0;      0;   1.00;   0.00;   2.00;   1.50;   0.00;   0.00;   0.00;   0.00
2021/08/30 06:52:00;s4hd1prd;30.103;      1;     21;      5;     16;      1;      0;      4;     16;      0;      0;      0;      0;   1.00;   0.00;   4.00;  16.00;   0.00;   0.00;   0.00;   0.00
2021/08/30 06:54:00;s4hd1prd;30.103;      2;     24;      7;     17;      2;      0;      5;     17;      0;      0;      0;      0;   1.00;   0.00;   1.25;   4.75;   0.00;   0.00;   0.00;   0.00
2021/08/30 06:58:00;s4hd1prd;30.103;      1;      3;      2;      1;      1;      0;      1;      1;      0;      0;      0;      0;   1.00;   0.00;   1.00;   1.00;   0.00;   0.00;   0.00;   0.00
2021/08/30 07:00:00;s4hd1prd;30.103;      1;     21;      5;     16;      1;      0;      4;     16;      0;      0;      0;      0;   1.00;   0.00;   3.50;  16.00;   0.00;   0.00;   0.00;   0.00
2021/08/30 07:02:00;s4hd1prd;30.103;      3;     24;      7;     18;      3;      0;      5;     18;      0;      0;      0;      0;   1.00;   0.00;   2.50;  10.16;   0.00;   0.00;   0.00;   0.00
2021/08/30 07:04:00;s4hd1prd;30.103;      2;     26;      8;     18;      2;      0;      6;     18;      0;      0;      0;      0;   1.00;   0.00;   3.00;  12.50;   0.00;   0.00;   0.00;   0.00
2021/08/30 07:06:00;s4hd1prd;30.103;      1;     21;      5;     16;      1;      0;      4;     16;      0;      0;      0;      0;   1.00;   0.00;   2.00;   8.50;   0.00;   0.00;   0.00;   0.00
2021/08/30 07:10:00;s4hd1prd;30.103;      3;     43;     10;     33;      3;      0;      7;     33;      0;      0;      0;      0;   1.00;   0.00;   2.75;   6.50;   0.00;   0.00;   0.00;   0.00
2021/08/30 07:12:00;s4hd1prd;30.103;      2;     23;      6;     17;      2;      0;      4;     17;      0;      0;      0;      0;   1.00;   0.00;   2.50;  12.25;   0.00;   0.00;   0.00;   0.00
2021/08/30 07:14:00;s4hd1prd;30.103;      4;     75;     18;     57;      4;      0;     14;     57;      0;      0;      0;      0;   1.00;   0.00;   3.50;  15.12;   0.00;   0.00;   0.00;   0.00
2021/08/30 07:16:00;s4hd1prd;30.103;      2;     25;      8;     17;      2;      0;      6;     17;      0;      0;      0;      0;   1.00;   0.00;   2.00;   8.50;   0.00;   0.00;   0.00;   0.00
2021/08/30 07:18:00;s4hd1prd;30.103;      1;     21;      5;     16;      1;      0;      4;     16;      0;      0;      0;      0;   1.00;   0.00;   3.00;  16.00;   0.00;   0.00;   0.00;   0.00
2021/08/30 07:20:00;s4hd1prd;30.103;      1;     21;      5;     16;      1;      0;      4;     16;      0;      0;      0;      0;   1.00;   0.00;   4.00;  16.00;   0.00;   0.00;   0.00;   0.00
2021/08/30 07:22:00;s4hd1prd;30.103;      1;     20;      4;     16;      1;      0;      3;     16;      0;      0;      0;      0;   1.00;   0.00;   3.00;  16.00;   0.00;   0.00;   0.00;   0.00
2021/08/30 07:26:00;s4hd1prd;30.103;      2;     24;      8;     17;      2;      0;      7;     17;      0;      0;      0;      0;   1.00;   0.00;   4.50;   7.66;   0.00;   0.00;   0.00;   0.00
2021/08/30 07:28:00;s4hd1prd;30.103;      2;     34;      6;     28;      2;      0;      4;     28;      0;      0;      0;      0;   1.00;   0.00;   2.00;  14.00;   0.00;   0.00;   0.00;   0.00
2021/08/30 07:30:00;s4hd1prd;30.103;      3;     50;     12;     38;      3;      0;      9;     38;      0;      0;      0;      0;   1.00;   0.00;   2.75;   9.33;   0.00;   0.00;   0.00;   0.00
2021/08/30 07:32:00;s4hd1prd;30.103;      3;     44;     11;     33;      3;      0;      8;     33;      0;      0;      0;      0;   1.00;   0.00;   3.00;  14.33;   0.00;   0.00;   0.00;   0.00
2021/08/30 07:34:00;s4hd1prd;30.103;      2;     40;      8;     32;      2;      0;      6;     32;      0;      0;      0;      0;   1.00;   0.00;   1.50;   8.50;   0.00;   0.00;   0.00;   0.00
2021/08/30 07:36:00;s4hd1prd;30.103;      1;     21;      5;     16;      1;      0;      4;     16;      0;      0;      0;      0;   1.00;   0.00;   3.00;  11.00;   0.00;   0.00;   0.00;   0.00
2021/08/30 07:38:00;s4hd1prd;30.103;      2;     22;      5;     17;      2;      0;      4;     17;      0;      0;      0;      0;   1.00;   0.00;   3.33;  13.50;   0.00;   0.00;   0.00;   0.00
2021/08/30 07:40:00;s4hd1prd;30.103;      2;     41;      9;     32;      2;      0;      7;     32;      0;      0;      0;      0;   1.00;   0.00;   3.25;  16.00;   0.00;   0.00;   0.00;   0.00
2021/08/30 07:42:00;s4hd1prd;30.103;      1;     19;      4;     15;      1;      0;      3;     15;      0;      0;      0;      0;   1.00;   0.00;   3.00;  15.00;   0.00;   0.00;   0.00;   0.00
2021/08/30 07:46:00;s4hd1prd;30.103;      1;     21;      5;     16;      1;      0;      4;     16;      0;      0;      0;      0;   1.00;   0.00;   2.00;   8.50;   0.00;   0.00;   0.00;   0.00
2021/08/30 07:48:00;s4hd1prd;30.103;      1;      3;      2;      1;      1;      0;      1;      1;      0;      0;      0;      0;   1.00;   0.00;   1.00;   1.00;   0.00;   0.00;   0.00;   0.00
2021/08/30 07:52:00;s4hd1prd;30.103;      1;     20;      4;     16;      1;      0;      3;     16;      0;      0;      0;      0;   1.00;   0.00;   3.00;  16.00;   0.00;   0.00;   0.00;   0.00
2021/08/30 07:54:00;s4hd1prd;30.103;      1;     21;      5;     16;      1;      0;      4;     16;      0;      0;      0;      0;   1.00;   0.00;   4.00;  16.00;   0.00;   0.00;   0.00;   0.00
2021/08/30 07:56:00;s4hd1prd;30.103;      4;     48;     15;     33;      4;      0;     11;     33;      0;      0;      0;      0;   1.00;   0.00;   2.75;   8.25;   0.00;   0.00;   0.00;   0.00
2021/08/30 08:04:00;s4hd1prd;30.103;      2;     24;      7;     17;      2;      0;      5;     17;      0;      0;      0;      0;   1.00;   0.00;   2.75;  12.25;   0.00;   0.00;   0.00;   0.00
2021/08/30 08:06:00;s4hd1prd;30.103;      2;     41;      9;     32;      2;      0;      7;     32;      0;      0;      0;      0;   1.00;   0.00;   2.75;  16.00;   0.00;   0.00;   0.00;   0.00
2021/08/30 08:08:00;s4hd1prd;30.103;      1;     21;      5;     16;      1;      0;      4;     16;      0;      0;      0;      0;   1.00;   0.00;   4.00;  16.00;   0.00;   0.00;   0.00;   0.00
2021/08/30 08:10:00;s4hd1prd;30.103;      1;     20;      4;     16;      1;      0;      3;     16;      0;      0;      0;      0;   1.00;   0.00;   3.00;  16.00;   0.00;   0.00;   0.00;   0.00
2021/08/30 08:14:00;s4hd1prd;30.103;      1;     20;      4;     16;      1;      0;      3;     16;      0;      0;      0;      0;   1.00;   0.00;   2.50;   9.00;   0.00;   0.00;   0.00;   0.00
2021/08/30 08:16:00;s4hd1prd;30.103;      1;     20;      4;     16;      1;      0;      3;     16;      0;      0;      0;      0;   1.00;   0.00;   3.00;  16.00;   0.00;   0.00;   0.00;   0.00
2021/08/30 08:18:00;s4hd1prd;30.103;      1;      5;      3;      2;      1;      0;      2;      2;      0;      0;      0;      0;   1.00;   0.00;   1.00;   1.50;   0.00;   0.00;   0.00;   0.00
2021/08/30 08:24:00;s4hd1prd;30.103;      1;     21;      5;     16;      1;      0;      4;     16;      0;      0;      0;      0;   1.00;   0.00;   3.50;  16.00;   0.00;   0.00;   0.00;   0.00
2021/08/30 08:28:00;s4hd1prd;30.103;      2;     41;      9;     32;      2;      0;      7;     32;      0;      0;      0;      0;   1.00;   0.00;   2.75;  16.00;   0.00;   0.00;   0.00;   0.00
2021/08/30 08:30:00;s4hd1prd;30.103;      1;     20;      4;     16;      1;      0;      3;     16;      0;      0;      0;      0;   1.00;   0.00;   3.00;  16.00;   0.00;   0.00;   0.00;   0.00
2021/08/30 08:32:00;s4hd1prd;30.103;      3;     32;     11;     21;      3;      0;      8;     21;      0;      0;      0;      0;   1.00;   0.00;   3.33;  11.50;   0.00;   0.00;   0.00;   0.00
2021/08/30 08:34:00;s4hd1prd;30.103;      1;     21;      5;     16;      1;      0;      4;     16;      0;      0;      0;      0;   1.00;   0.00;   3.50;  16.00;   0.00;   0.00;   0.00;   0.00
2021/08/30 08:38:00;s4hd1prd;30.103;      2;     39;      7;     32;      2;      0;      5;     32;      0;      0;      0;      0;   1.00;   0.00;   2.83;  13.50;   0.00;   0.00;   0.00;   0.00
2021/08/30 08:40:00;s4hd1prd;30.103;      1;     19;      3;     16;      1;      0;      2;     16;      0;      0;      0;      0;   1.00;   0.00;   2.00;  16.00;   0.00;   0.00;   0.00;   0.00
2021/08/30 08:44:00;s4hd1prd;30.103;      1;      4;      3;      1;      1;      0;      2;      1;      0;      0;      0;      0;   1.00;   0.00;   2.00;   1.00;   0.00;   0.00;   0.00;   0.00
2021/08/30 08:48:00;s4hd1prd;30.103;      1;     21;      5;     16;      1;      0;      4;     16;      0;      0;      0;      0;   1.00;   0.00;   2.00;   8.50;   0.00;   0.00;   0.00;   0.00
2021/08/30 08:52:00;s4hd1prd;30.103;      1;     20;      4;     16;      1;      0;      3;     16;      0;      0;      0;      0;   1.00;   0.00;   3.00;  16.00;   0.00;   0.00;   0.00;   0.00
2021/08/30 08:54:00;s4hd1prd;30.103;      2;     20;      8;     16;      2;      0;      6;     16;      0;      0;      0;      0;   1.00;   0.00;   3.00;  14.00;   0.00;   0.00;   0.00;   0.00
2021/08/30 08:56:00;s4hd1prd;30.103;      2;     39;      7;     32;      2;      0;      5;     32;      0;      0;      0;      0;   1.00;   0.00;   2.50;  16.00;   0.00;   0.00;   0.00;   0.00
2021/08/30 09:00:00;s4hd1prd;30.103;      3;     32;     11;     24;      3;      0;      8;     24;      0;      0;      0;      0;   1.00;   0.00;   2.88;   9.55;   0.00;   0.00;   0.00;   0.00
2021/08/30 09:02:00;s4hd1prd;30.103;      1;     20;      4;     16;      1;      0;      3;     16;      0;      0;      0;      0;   1.00;   0.00;   3.00;  16.00;   0.00;   0.00;   0.00;   0.00
2021/08/30 09:04:00;s4hd1prd;30.103;      3;     41;      9;     32;      3;      0;      6;     32;      0;      0;      0;      0;   1.00;   0.00;   3.50;  12.83;   0.00;   0.00;   0.00;   0.00
2021/08/30 09:06:00;s4hd1prd;30.103;      1;     21;      5;     16;      1;      0;      4;     16;      0;      0;      0;      0;   1.00;   0.00;   2.00;   5.33;   0.00;   0.00;   0.00;   0.00
2021/08/30 09:08:00;s4hd1prd;30.103;      2;     15;      7;      8;      2;      0;      5;      8;      0;      0;      0;      0;   1.00;   0.00;   2.50;   4.00;   0.00;   0.00;   0.00;   0.00
2021/08/30 09:10:00;s4hd1prd;30.103;      2;     39;      7;     32;      2;      0;      5;     32;      0;      0;      0;      0;   1.00;   0.00;   2.50;  16.00;   0.00;   0.00;   0.00;   0.00
2021/08/30 09:12:00;s4hd1prd;30.103;      1;     21;      5;     16;      1;      0;      4;     16;      0;      0;      0;      0;   1.00;   0.00;   4.00;  16.00;   0.00;   0.00;   0.00;   0.00
2021/08/30 09:14:00;s4hd1prd;30.103;      2;     34;      8;     26;      2;      0;      6;     26;      0;      0;      0;      0;   1.00;   0.00;   2.33;   4.66;   0.00;   0.00;   0.00;   0.00
2021/08/30 09:16:00;s4hd1prd;30.103;      1;     21;      6;     15;      1;      0;      5;     15;      0;      0;      0;      0;   1.00;   0.00;   3.50;   9.00;   0.00;   0.00;   0.00;   0.00
2021/08/30 09:18:00;s4hd1prd;30.103;      2;     28;     10;     18;      2;      0;      8;     18;      0;      0;      0;      0;   1.00;   0.00;   2.00;   4.50;   0.00;   0.00;   0.00;   0.00
2021/08/30 09:20:00;s4hd1prd;30.103;      2;     27;      7;     20;      2;      0;      5;     20;      0;      0;      0;      0;   1.00;   0.00;   2.50;  10.00;   0.00;   0.00;   0.00;   0.00
2021/08/30 09:22:00;s4hd1prd;30.103;      2;     32;      9;     23;      2;      0;      7;     23;      0;      0;      0;      0;   1.00;   0.00;   3.50;  10.25;   0.00;   0.00;   0.00;   0.00
2021/08/30 09:24:00;s4hd1prd;30.103;      1;     19;      3;     16;      1;      0;      2;     16;      0;      0;      0;      0;   1.00;   0.00;   2.00;  16.00;   0.00;   0.00;   0.00;   0.00
2021/08/30 09:26:00;s4hd1prd;30.103;      2;     33;      8;     25;      2;      0;      6;     25;      0;      0;      0;      0;   1.00;   0.00;   2.66;   7.50;   0.00;   0.00;   0.00;   0.00
2021/08/30 09:28:00;s4hd1prd;30.103;      2;     31;      8;     25;      2;      0;      6;     25;      0;      0;      0;      0;   1.00;   0.00;   2.50;  14.25;   0.00;   0.00;   0.00;   0.00
2021/08/30 09:30:00;s4hd1prd;30.103;      3;     34;     11;     23;      3;      0;      8;     23;      0;      0;      0;      0;   1.00;   0.00;   2.88;   5.55;   0.00;   0.00;   0.00;   0.00
2021/08/30 09:32:00;s4hd1prd;30.103;      3;     17;     17;      8;      3;      0;     14;      8;      0;      0;      0;      0;   1.00;   0.00;   3.83;   4.00;   0.00;   0.00;   0.00;   0.00
2021/08/30 09:34:00;s4hd1prd;30.103;      2;     31;     10;     21;      2;      0;      8;     21;      0;      0;      0;      0;   1.00;   0.00;   4.00;  13.25;   0.00;   0.00;   0.00;   0.00
2021/08/30 09:36:00;s4hd1prd;30.103;      3;     35;     11;     24;      3;      0;      8;     24;      0;      0;      0;      0;   1.00;   0.00;   2.91;  11.75;   0.00;   0.00;   0.00;   0.00
2021/08/30 09:38:00;s4hd1prd;30.103;      2;     32;     10;     22;      2;      0;      8;     22;      0;      0;      0;      0;   1.00;   0.00;   3.50;   7.00;   0.00;   0.00;   0.00;   0.00
2021/08/30 09:40:00;s4hd1prd;30.103;      5;     42;     18;     24;      5;      0;     13;     24;      0;      0;      0;      0;   1.00;   0.00;   2.20;   4.66;   0.00;   0.00;   0.00;   0.00
2021/08/30 09:42:00;s4hd1prd;30.103;      3;     35;     15;     20;      3;      0;     12;     20;      0;      0;      0;      0;   1.00;   0.00;   3.50;  13.00;   0.00;   0.00;   0.00;   0.00
2021/08/30 09:44:00;s4hd1prd;30.103;      3;     24;      9;     15;      3;      0;      6;     15;      0;      0;      0;      0;   1.00;   0.00;   2.00;   5.00;   0.00;   0.00;   0.00;   0.00
2021/08/30 09:46:00;s4hd1prd;30.103;      2;     32;      9;     23;      2;      0;      7;     23;      0;      0;      0;      0;   1.00;   0.00;   3.16;  12.16;   0.00;   0.00;   0.00;   0.00
2021/08/30 09:48:00;s4hd1prd;30.103;      2;     10;      5;      5;      2;      0;      3;      5;      0;      0;      0;      0;   1.00;   0.00;   2.50;   3.75;   0.00;   0.00;   0.00;   0.00
2021/08/30 09:50:00;s4hd1prd;30.103;      1;     21;      5;     16;      1;      0;      4;     16;      0;      0;      0;      0;   1.00;   0.00;   4.00;  16.00;   0.00;   0.00;   0.00;   0.00
2021/08/30 09:52:00;s4hd1prd;30.103;      3;     33;     14;     19;      3;      0;     12;     19;      0;      0;      0;      0;   1.00;   0.00;   4.33;   7.00;   0.00;   0.00;   0.00;   0.00
2021/08/30 09:54:00;s4hd1prd;30.103;      2;     26;     10;     16;      2;      0;      8;     16;      0;      0;      0;      0;   1.00;   0.00;   4.00;  11.25;   0.00;   0.00;   0.00;   0.00
2021/08/30 09:56:00;s4hd1prd;30.103;      2;     25;      8;     17;      2;      0;      6;     17;      0;      0;      0;      0;   1.00;   0.00;   2.50;   5.87;   0.00;   0.00;   0.00;   0.00
2021/08/30 09:58:00;s4hd1prd;30.103;      2;     26;      8;     18;      2;      0;      6;     18;      0;      0;      0;      0;   1.00;   0.00;   3.00;   9.00;   0.00;   0.00;   0.00;   0.00
2021/08/30 10:00:00;s4hd1prd;30.103;      1;      4;      3;      1;      1;      0;      2;      1;      0;      0;      0;      0;   1.00;   0.00;   2.00;   1.00;   0.00;   0.00;   0.00;   0.00
2021/08/30 10:02:00;s4hd1prd;30.103;      2;     21;      6;     15;      2;      0;      4;     15;      0;      0;      0;      0;   1.00;   0.00;   3.00;   8.50;   0.00;   0.00;   0.00;   0.00
2021/08/30 10:04:00;s4hd1prd;30.103;      1;      2;      2;      0;      1;      0;      1;      0;      0;      0;      0;      0;   1.00;   0.00;   1.00;   0.00;   0.00;   0.00;   0.00;   0.00
2021/08/30 10:06:00;s4hd1prd;30.103;      3;     41;     10;     31;      3;      0;      7;     31;      0;      0;      0;      0;   1.00;   0.00;   2.58;   5.20;   0.00;   0.00;   0.00;   0.00
2021/08/30 10:08:00;s4hd1prd;30.103;      1;      6;      5;      1;      1;      0;      4;      1;      0;      0;      0;      0;   1.00;   0.00;   2.00;   1.00;   0.00;   0.00;   0.00;   0.00
2021/08/30 10:12:00;s4hd1prd;30.103;      3;     28;     11;     17;      3;      0;      8;     17;      0;      0;      0;      0;   1.00;   0.00;   3.83;   6.25;   0.00;   0.00;   0.00;   0.00
2021/08/30 10:14:00;s4hd1prd;30.103;      2;     28;      9;     20;      2;      0;      7;     20;      0;      0;      0;      0;   1.00;   0.00;   3.25;  10.00;   0.00;   0.00;   0.00;   0.00
2021/08/30 10:16:00;s4hd1prd;30.103;      2;     23;      9;     15;      2;      0;      7;     15;      0;      0;      0;      0;   1.00;   0.00;   3.25;   8.25;   0.00;   0.00;   0.00;   0.00
2021/08/30 10:18:00;s4hd1prd;30.103;      1;     19;      4;     15;      1;      0;      3;     15;      0;      0;      0;      0;   1.00;   0.00;   1.50;   8.00;   0.00;   0.00;   0.00;   0.00
2021/08/30 10:20:00;s4hd1prd;30.103;      1;     11;      3;      8;      1;      0;      2;      8;      0;      0;      0;      0;   1.00;   0.00;   2.00;   8.00;   0.00;   0.00;   0.00;   0.00
2021/08/30 10:22:00;s4hd1prd;30.103;      1;     17;      5;     12;      1;      0;      4;     12;      0;      0;      0;      0;   1.00;   0.00;   4.00;  12.00;   0.00;   0.00;   0.00;   0.00
2021/08/30 10:24:00;s4hd1prd;30.103;      1;     20;      4;     16;      1;      0;      3;     16;      0;      0;      0;      0;   1.00;   0.00;   3.00;  16.00;   0.00;   0.00;   0.00;   0.00
2021/08/30 10:26:00;s4hd1prd;30.103;      1;      2;      2;      0;      1;      0;      1;      0;      0;      0;      0;      0;   1.00;   0.00;   1.00;   0.00;   0.00;   0.00;   0.00;   0.00
2021/08/30 10:28:00;s4hd1prd;30.103;      2;     19;      9;     10;      2;      0;      7;     10;      0;      0;      0;      0;   1.00;   0.00;   3.50;   5.00;   0.00;   0.00;   0.00;   0.00
2021/08/30 10:30:00;s4hd1prd;30.103;      2;     33;     10;     23;      2;      0;      8;     23;      0;      0;      0;      0;   1.00;   0.00;   4.00;  11.50;   0.00;   0.00;   0.00;   0.00
2021/08/30 10:32:00;s4hd1prd;30.103;      1;     19;      3;     16;      1;      0;      2;     16;      0;      0;      0;      0;   1.00;   0.00;   2.00;  16.00;   0.00;   0.00;   0.00;   0.00
2021/08/30 10:34:00;s4hd1prd;30.103;      2;      5;      4;      1;      2;      0;      2;      1;      0;      0;      0;      0;   1.00;   0.00;   2.00;   1.00;   0.00;   0.00;   0.00;   0.00
2021/08/30 10:36:00;s4hd1prd;30.103;      2;     40;      8;     32;      2;      0;      6;     32;      0;      0;      0;      0;   1.00;   0.00;   2.50;   9.50;   0.00;   0.00;   0.00;   0.00
2021/08/30 10:38:00;s4hd1prd;30.103;      2;     35;     10;     25;      2;      0;      8;     25;      0;      0;      0;      0;   1.00;   0.00;   4.00;  14.83;   0.00;   0.00;   0.00;   0.00
2021/08/30 10:42:00;s4hd1prd;30.103;      2;     34;      7;     27;      2;      0;      5;     27;      0;      0;      0;      0;   1.00;   0.00;   2.50;  13.50;   0.00;   0.00;   0.00;   0.00
2021/08/30 10:44:00;s4hd1prd;30.103;      1;     17;      4;     13;      1;      0;      3;     13;      0;      0;      0;      0;   1.00;   0.00;   1.50;   7.00;   0.00;   0.00;   0.00;   0.00
2021/08/30 10:46:00;s4hd1prd;30.103;      1;      7;      3;      4;      1;      0;      2;      4;      0;      0;      0;      0;   1.00;   0.00;   2.00;   4.00;   0.00;   0.00;   0.00;   0.00
2021/08/30 10:48:00;s4hd1prd;30.103;      1;     21;      5;     16;      1;      0;      4;     16;      0;      0;      0;      0;   1.00;   0.00;   4.00;  16.00;   0.00;   0.00;   0.00;   0.00
2021/08/30 10:50:00;s4hd1prd;30.103;      1;     19;      3;     16;      1;      0;      2;     16;      0;      0;      0;      0;   1.00;   0.00;   2.00;   8.00;   0.00;   0.00;   0.00;   0.00
2021/08/30 10:52:00;s4hd1prd;30.103;      1;     19;      3;     16;      1;      0;      2;     16;      0;      0;      0;      0;   1.00;   0.00;   2.00;  16.00;   0.00;   0.00;   0.00;   0.00
2021/08/30 10:54:00;s4hd1prd;30.103;      3;     37;     10;     27;      3;      0;      7;     27;      0;      0;      0;      0;   1.00;   0.00;   2.66;  11.00;   0.00;   0.00;   0.00;   0.00
2021/08/30 10:56:00;s4hd1prd;30.103;      1;     13;      4;      9;      1;      0;      3;      9;      0;      0;      0;      0;   1.00;   0.00;   2.50;   7.00;   0.00;   0.00;   0.00;   0.00
2021/08/30 10:58:00;s4hd1prd;30.103;      4;     48;     16;     32;      4;      0;     12;     32;      0;      0;      0;      0;   1.00;   0.00;   2.66;   8.83;   0.00;   0.00;   0.00;   0.00
2021/08/30 11:00:00;s4hd1prd;30.103;      4;     23;      9;     16;      4;      0;      5;     16;      0;      0;      0;      0;   1.00;   0.00;   3.25;  10.33;   0.00;   0.00;   0.00;   0.00
2021/08/30 11:02:00;s4hd1prd;30.103;      2;     13;      9;     10;      2;      0;      7;     10;      0;      0;      0;      0;   1.00;   0.00;   2.75;   5.50;   0.00;   0.00;   0.00;   0.00
2021/08/30 11:04:00;s4hd1prd;30.103;      3;     57;     13;     44;      3;      0;     10;     44;      0;      0;      0;      0;   1.00;   0.00;   2.22;   6.55;   0.00;   0.00;   0.00;   0.00
2021/08/30 11:06:00;s4hd1prd;30.103;      2;     28;     10;     18;      2;      0;      8;     18;      0;      0;      0;      0;   1.00;   0.00;   2.66;   9.66;   0.00;   0.00;   0.00;   0.00
2021/08/30 11:08:00;s4hd1prd;30.103;      3;     34;     16;     18;      3;      0;     13;     18;      0;      0;      0;      0;   1.00;   0.00;   3.77;  10.33;   0.00;   0.00;   0.00;   0.00
2021/08/30 11:10:00;s4hd1prd;30.103;      2;      8;      4;      5;      2;      0;      2;      5;      0;      0;      0;      0;   1.00;   0.00;   2.00;   2.50;   0.00;   0.00;   0.00;   0.00
2021/08/30 11:12:00;s4hd1prd;30.103;      2;     24;      7;     17;      2;      0;      5;     17;      0;      0;      0;      0;   1.00;   0.00;   3.25;   4.75;   0.00;   0.00;   0.00;   0.00
2021/08/30 11:14:00;s4hd1prd;30.103;      2;     20;      9;     16;      2;      0;      7;     16;      0;      0;      0;      0;   1.00;   0.00;   3.25;   8.00;   0.00;   0.00;   0.00;   0.00
2021/08/30 11:16:00;s4hd1prd;30.103;      3;     18;      9;     13;      3;      0;      6;     13;      0;      0;      0;      0;   1.00;   0.00;   2.33;   8.66;   0.00;   0.00;   0.00;   0.00
2021/08/30 11:18:00;s4hd1prd;30.103;      3;     38;     10;     28;      3;      0;      7;     28;      0;      0;      0;      0;   1.00;   0.00;   2.66;   8.66;   0.00;   0.00;   0.00;   0.00
2021/08/30 11:20:00;s4hd1prd;30.103;      2;     37;      9;     28;      2;      0;      7;     28;      0;      0;      0;      0;   1.00;   0.00;   2.83;   9.66;   0.00;   0.00;   0.00;   0.00
2021/08/30 11:24:00;s4hd1prd;30.103;      3;     36;     15;     21;      3;      0;     12;     21;      0;      0;      0;      0;   1.00;   0.00;   1.33;   4.16;   0.00;   0.00;   0.00;   0.00
2021/08/30 11:26:00;s4hd1prd;30.103;      1;     12;      3;      9;      1;      0;      2;      9;      0;      0;      0;      0;   1.00;   0.00;   1.00;   5.00;   0.00;   0.00;   0.00;   0.00
2021/08/30 11:30:00;s4hd1prd;30.103;      2;     23;      6;     17;      2;      0;      4;     17;      0;      0;      0;      0;   1.00;   0.00;   3.50;   9.25;   0.00;   0.00;   0.00;   0.00
2021/08/30 11:32:00;s4hd1prd;30.103;      1;      5;      3;      2;      1;      0;      2;      2;      0;      0;      0;      0;   1.00;   0.00;   2.00;   2.00;   0.00;   0.00;   0.00;   0.00
2021/08/30 11:34:00;s4hd1prd;30.103;      2;     30;      8;     22;      2;      0;      6;     22;      0;      0;      0;      0;   1.00;   0.00;   3.00;   7.33;   0.00;   0.00;   0.00;   0.00
2021/08/30 11:36:00;s4hd1prd;30.103;      2;     18;      8;     10;      2;      0;      6;     10;      0;      0;      0;      0;   1.00;   0.00;   3.50;   6.00;   0.00;   0.00;   0.00;   0.00
2021/08/30 11:40:00;s4hd1prd;30.103;      1;     20;      4;     16;      1;      0;      3;     16;      0;      0;      0;      0;   1.00;   0.00;   1.66;   5.66;   0.00;   0.00;   0.00;   0.00
2021/08/30 11:42:00;s4hd1prd;30.103;      2;     34;      9;     25;      2;      0;      7;     25;      0;      0;      0;      0;   1.00;   0.00;   3.75;  14.25;   0.00;   0.00;   0.00;   0.00
2021/08/30 11:44:00;s4hd1prd;30.103;      1;      6;      3;      3;      1;      0;      2;      3;      0;      0;      0;      0;   1.00;   0.00;   2.00;   2.00;   0.00;   0.00;   0.00;   0.00
2021/08/30 11:46:00;s4hd1prd;30.103;      4;     58;     16;     44;      4;      0;     12;     44;      0;      0;      0;      0;   1.00;   0.00;   2.72;   7.88;   0.00;   0.00;   0.00;   0.00
2021/08/30 11:48:00;s4hd1prd;30.103;      2;      8;      6;      2;      2;      0;      4;      2;      0;      0;      0;      0;   1.00;   0.00;   1.75;   1.50;   0.00;   0.00;   0.00;   0.00
2021/08/30 11:50:00;s4hd1prd;30.103;      4;     46;     17;     29;      4;      0;     13;     29;      0;      0;      0;      0;   1.00;   0.00;   3.25;   5.05;   0.00;   0.00;   0.00;   0.00
2021/08/30 11:52:00;s4hd1prd;30.103;      2;     20;      6;     14;      2;      0;      4;     14;      0;      0;      0;      0;   1.00;   0.00;   2.00;  14.00;   0.00;   0.00;   0.00;   0.00
2021/08/30 11:54:00;s4hd1prd;30.103;      3;     33;     17;     16;      3;      0;     14;     16;      0;      0;      0;      0;   1.00;   0.00;   4.66;   5.33;   0.00;   0.00;   0.00;   0.00
2021/08/30 11:56:00;s4hd1prd;30.103;      3;     34;     14;     24;      3;      0;     11;     24;      0;      0;      0;      0;   1.00;   0.00;   3.16;  10.91;   0.00;   0.00;   0.00;   0.00
2021/08/30 11:58:00;s4hd1prd;30.103;      3;     24;      9;     15;      3;      0;      6;     15;      0;      0;      0;      0;   1.00;   0.00;   3.50;  13.00;   0.00;   0.00;   0.00;   0.00
2021/08/30 12:00:00;s4hd1prd;30.103;      2;     21;      8;     14;      2;      0;      6;     14;      0;      0;      0;      0;   1.00;   0.00;   2.50;  11.00;   0.00;   0.00;   0.00;   0.00
2021/08/30 12:02:00;s4hd1prd;30.103;      3;     10;      7;      3;      3;      0;      4;      3;      0;      0;      0;      0;   1.00;   0.00;   3.00;   0.50;   0.00;   0.00;   0.00;   0.00
2021/08/30 12:04:00;s4hd1prd;30.103;      2;     17;      6;     11;      2;      0;      4;     11;      0;      0;      0;      0;   1.00;   0.00;   3.50;   2.75;   0.00;   0.00;   0.00;   0.00
2021/08/30 12:06:00;s4hd1prd;30.103;      2;     31;     10;     21;      2;      0;      8;     21;      0;      0;      0;      0;   1.00;   0.00;   3.00;   8.00;   0.00;   0.00;   0.00;   0.00
2021/08/30 12:08:00;s4hd1prd;30.103;      1;     16;      5;     11;      1;      0;      4;     11;      0;      0;      0;      0;   1.00;   0.00;   2.00;   5.50;   0.00;   0.00;   0.00;   0.00
2021/08/30 12:10:00;s4hd1prd;30.103;      2;     17;      7;     12;      2;      0;      5;     12;      0;      0;      0;      0;   1.00;   0.00;   3.25;   6.50;   0.00;   0.00;   0.00;   0.00
2021/08/30 12:12:00;s4hd1prd;30.103;      2;      6;      4;      2;      2;      0;      2;      2;      0;      0;      0;      0;   1.00;   0.00;   2.00;   1.00;   0.00;   0.00;   0.00;   0.00
2021/08/30 12:14:00;s4hd1prd;30.103;      1;      5;      4;      1;      1;      0;      3;      1;      0;      0;      0;      0;   1.00;   0.00;   1.50;   0.50;   0.00;   0.00;   0.00;   0.00
2021/08/30 12:16:00;s4hd1prd;30.103;      2;     19;      5;     14;      2;      0;      4;     14;      0;      0;      0;      0;   1.00;   0.00;   2.66;   7.33;   0.00;   0.00;   0.00;   0.00
2021/08/30 12:18:00;s4hd1prd;30.103;      1;     20;      5;     15;      1;      0;      4;     15;      0;      0;      0;      0;   1.00;   0.00;   4.00;  15.00;   0.00;   0.00;   0.00;   0.00
2021/08/30 12:20:00;s4hd1prd;30.103;      3;     31;     14;     17;      3;      0;     11;     17;      0;      0;      0;      0;   1.00;   0.00;   3.83;   6.75;   0.00;   0.00;   0.00;   0.00
2021/08/30 12:22:00;s4hd1prd;30.103;      3;     38;     15;     28;      3;      0;     12;     28;      0;      0;      0;      0;   1.00;   0.00;   4.00;  12.75;   0.00;   0.00;   0.00;   0.00
2021/08/30 12:24:00;s4hd1prd;30.103;      4;     36;     15;     21;      4;      0;     11;     21;      0;      0;      0;      0;   1.00;   0.00;   2.87;   7.25;   0.00;   0.00;   0.00;   0.00
2021/08/30 12:26:00;s4hd1prd;30.103;      3;     41;      9;     33;      3;      0;      6;     33;      0;      0;      0;      0;   1.00;   0.00;   2.50;   8.25;   0.00;   0.00;   0.00;   0.00
2021/08/30 12:28:00;s4hd1prd;30.103;      3;     47;     13;     34;      3;      0;     10;     34;      0;      0;      0;      0;   1.00;   0.00;   3.33;  11.33;   0.00;   0.00;   0.00;   0.00
2021/08/30 12:30:00;s4hd1prd;30.103;      2;     36;      7;     29;      2;      0;      5;     29;      0;      0;      0;      0;   1.00;   0.00;   3.25;  14.75;   0.00;   0.00;   0.00;   0.00
2021/08/30 12:32:00;s4hd1prd;30.103;      1;     19;      3;     16;      1;      0;      2;     16;      0;      0;      0;      0;   1.00;   0.00;   2.00;  16.00;   0.00;   0.00;   0.00;   0.00
2021/08/30 12:36:00;s4hd1prd;30.103;      1;     20;      4;     16;      1;      0;      3;     16;      0;      0;      0;      0;   1.00;   0.00;   3.00;  16.00;   0.00;   0.00;   0.00;   0.00
2021/08/30 12:40:00;s4hd1prd;30.103;      2;     27;      8;     20;      2;      0;      6;     20;      0;      0;      0;      0;   1.00;   0.00;   2.75;  12.00;   0.00;   0.00;   0.00;   0.00
2021/08/30 12:42:00;s4hd1prd;30.103;      1;     13;      5;      8;      1;      0;      4;      8;      0;      0;      0;      0;   1.00;   0.00;   4.00;   8.00;   0.00;   0.00;   0.00;   0.00
2021/08/30 12:44:00;s4hd1prd;30.103;      2;     18;     10;      8;      2;      0;      8;      8;      0;      0;      0;      0;   1.00;   0.00;   4.00;   2.00;   0.00;   0.00;   0.00;   0.00
2021/08/30 12:46:00;s4hd1prd;30.103;      3;     26;      9;     18;      3;      0;      6;     18;      0;      0;      0;      0;   1.00;   0.00;   2.66;   5.50;   0.00;   0.00;   0.00;   0.00
2021/08/30 12:48:00;s4hd1prd;30.103;      1;     20;      4;     16;      1;      0;      3;     16;      0;      0;      0;      0;   1.00;   0.00;   2.50;  16.00;   0.00;   0.00;   0.00;   0.00
2021/08/30 12:50:00;s4hd1prd;30.103;      2;     23;      6;     17;      2;      0;      4;     17;      0;      0;      0;      0;   1.00;   0.00;   2.00;   4.25;   0.00;   0.00;   0.00;   0.00
2021/08/30 12:52:00;s4hd1prd;30.103;      3;     21;     10;     16;      3;      0;      7;     16;      0;      0;      0;      0;   1.00;   0.00;   3.75;  10.25;   0.00;   0.00;   0.00;   0.00
2021/08/30 12:54:00;s4hd1prd;30.103;      3;     25;     10;     15;      3;      0;      7;     15;      0;      0;      0;      0;   1.00;   0.00;   2.16;   3.50;   0.00;   0.00;   0.00;   0.00
2021/08/30 12:56:00;s4hd1prd;30.103;      3;     30;     13;     17;      3;      0;     10;     17;      0;      0;      0;      0;   1.00;   0.00;   2.99;   8.50;   0.00;   0.00;   0.00;   0.00
2021/08/30 12:58:00;s4hd1prd;30.103;      2;     23;      8;     15;      2;      0;      6;     15;      0;      0;      0;      0;   1.00;   0.00;   3.33;  11.50;   0.00;   0.00;   0.00;   0.00
2021/08/30 13:02:00;s4hd1prd;30.103;      1;     21;      5;     16;      1;      0;      4;     16;      0;      0;      0;      0;   1.00;   0.00;   3.00;   8.00;   0.00;   0.00;   0.00;   0.00
2021/08/30 13:04:00;s4hd1prd;30.103;      2;     20;      7;     13;      2;      0;      5;     13;      0;      0;      0;      0;   1.00;   0.00;   2.50;  11.50;   0.00;   0.00;   0.00;   0.00
2021/08/30 13:06:00;s4hd1prd;30.103;      3;     36;     13;     23;      3;      0;     10;     23;      0;      0;      0;      0;   1.00;   0.00;   2.77;   6.16;   0.00;   0.00;   0.00;   0.00
2021/08/30 13:08:00;s4hd1prd;30.103;      3;     24;     12;     12;      3;      0;      9;     12;      0;      0;      0;      0;   1.00;   0.00;   3.66;   7.83;   0.00;   0.00;   0.00;   0.00
2021/08/30 13:12:00;s4hd1prd;30.103;      3;     17;     11;      6;      3;      0;      8;      6;      0;      0;      0;      0;   1.00;   0.00;   2.00;   3.00;   0.00;   0.00;   0.00;   0.00
2021/08/30 13:14:00;s4hd1prd;30.103;      2;     20;      8;     12;      2;      0;      6;     12;      0;      0;      0;      0;   1.00;   0.00;   2.66;   4.33;   0.00;   0.00;   0.00;   0.00
2021/08/30 13:16:00;s4hd1prd;30.103;      3;     37;     13;     24;      3;      0;     10;     24;      0;      0;      0;      0;   1.00;   0.00;   2.77;   8.00;   0.00;   0.00;   0.00;   0.00
2021/08/30 13:18:00;s4hd1prd;30.103;      3;     23;      9;     14;      3;      0;      6;     14;      0;      0;      0;      0;   1.00;   0.00;   1.50;   4.00;   0.00;   0.00;   0.00;   0.00
2021/08/30 13:20:00;s4hd1prd;30.103;      1;      8;      4;      4;      1;      0;      3;      4;      0;      0;      0;      0;   1.00;   0.00;   3.00;   4.00;   0.00;   0.00;   0.00;   0.00
2021/08/30 13:22:00;s4hd1prd;30.103;      1;      5;      5;      1;      1;      0;      4;      1;      0;      0;      0;      0;   1.00;   0.00;   3.00;   0.50;   0.00;   0.00;   0.00;   0.00
2021/08/30 13:26:00;s4hd1prd;30.103;      2;     31;      8;     23;      2;      0;      6;     23;      0;      0;      0;      0;   1.00;   0.00;   2.00;   9.50;   0.00;   0.00;   0.00;   0.00
2021/08/30 13:28:00;s4hd1prd;30.103;      1;     17;      4;     13;      1;      0;      3;     13;      0;      0;      0;      0;   1.00;   0.00;   3.00;  13.00;   0.00;   0.00;   0.00;   0.00
2021/08/30 13:30:00;s4hd1prd;30.103;      2;     31;     10;     21;      2;      0;      8;     21;      0;      0;      0;      0;   1.00;   0.00;   2.66;   3.83;   0.00;   0.00;   0.00;   0.00
2021/08/30 13:32:00;s4hd1prd;30.103;      2;     22;      6;     16;      2;      0;      4;     16;      0;      0;      0;      0;   1.00;   0.00;   3.00;  11.50;   0.00;   0.00;   0.00;   0.00
2021/08/30 13:34:00;s4hd1prd;30.103;      2;     17;      6;     12;      2;      0;      4;     12;      0;      0;      0;      0;   1.00;   0.00;   4.00;   7.00;   0.00;   0.00;   0.00;   0.00
2021/08/30 13:36:00;s4hd1prd;30.103;      1;     12;      4;      8;      1;      0;      3;      8;      0;      0;      0;      0;   1.00;   0.00;   3.00;   8.00;   0.00;   0.00;   0.00;   0.00
2021/08/30 13:40:00;s4hd1prd;30.103;      1;      2;      1;      1;      1;      0;      0;      1;      0;      0;      0;      0;   1.00;   0.00;   0.00;   1.00;   0.00;   0.00;   0.00;   0.00
2021/08/30 13:42:00;s4hd1prd;30.103;      3;     38;     11;     27;      3;      0;      8;     27;      0;      0;      0;      0;   1.00;   0.00;   2.33;   9.50;   0.00;   0.00;   0.00;   0.00
2021/08/30 13:44:00;s4hd1prd;30.103;      2;     26;      6;     20;      2;      0;      4;     20;      0;      0;      0;      0;   1.00;   0.00;   2.50;  12.00;   0.00;   0.00;   0.00;   0.00
2021/08/30 13:46:00;s4hd1prd;30.103;      2;     17;      8;      9;      2;      0;      6;      9;      0;      0;      0;      0;   1.00;   0.00;   3.00;   3.83;   0.00;   0.00;   0.00;   0.00
2021/08/30 13:48:00;s4hd1prd;30.103;      2;     26;      8;     18;      2;      0;      6;     18;      0;      0;      0;      0;   1.00;   0.00;   3.50;  12.50;   0.00;   0.00;   0.00;   0.00
2021/08/30 13:50:00;s4hd1prd;30.103;      1;      1;      1;      0;      1;      0;      0;      0;      0;      0;      0;      0;   1.00;   0.00;   0.00;   0.00;   0.00;   0.00;   0.00;   0.00
2021/08/30 13:52:00;s4hd1prd;30.103;      2;     23;      7;     16;      2;      0;      5;     16;      0;      0;      0;      0;   1.00;   0.00;   2.50;   8.00;   0.00;   0.00;   0.00;   0.00
2021/08/30 13:54:00;s4hd1prd;30.103;      1;     17;      3;     14;      1;      0;      2;     14;      0;      0;      0;      0;   1.00;   0.00;   1.00;   7.50;   0.00;   0.00;   0.00;   0.00
2021/08/30 13:56:00;s4hd1prd;30.103;      1;     13;      5;      8;      1;      0;      4;      8;      0;      0;      0;      0;   1.00;   0.00;   2.00;   5.00;   0.00;   0.00;   0.00;   0.00
2021/08/30 13:58:00;s4hd1prd;30.103;      1;      2;      1;      1;      1;      0;      0;      1;      0;      0;      0;      0;   1.00;   0.00;   0.00;   1.00;   0.00;   0.00;   0.00;   0.00
2021/08/30 14:00:00;s4hd1prd;30.103;      1;     12;      5;      7;      1;      0;      4;      7;      0;      0;      0;      0;   1.00;   0.00;   3.00;   5.00;   0.00;   0.00;   0.00;   0.00
2021/08/30 14:02:00;s4hd1prd;30.103;      2;     21;      7;     16;      2;      0;      5;     16;      0;      0;      0;      0;   1.00;   0.00;   3.25;  10.00;   0.00;   0.00;   0.00;   0.00
2021/08/30 14:04:00;s4hd1prd;30.103;      3;     34;     12;     22;      3;      0;      9;     22;      0;      0;      0;      0;   1.00;   0.00;   2.75;   5.91;   0.00;   0.00;   0.00;   0.00
2021/08/30 14:06:00;s4hd1prd;30.103;      4;     32;     13;     23;      4;      0;      9;     23;      0;      0;      0;      0;   1.00;   0.00;   2.62;  10.45;   0.00;   0.00;   0.00;   0.00
2021/08/30 14:08:00;s4hd1prd;30.103;      3;     25;      7;     18;      3;      0;      4;     18;      0;      0;      0;      0;   1.00;   0.00;   2.00;   9.00;   0.00;   0.00;   0.00;   0.00
2021/08/30 14:10:00;s4hd1prd;30.103;      3;     20;      9;     13;      3;      0;      6;     13;      0;      0;      0;      0;   1.00;   0.00;   2.66;   5.94;   0.00;   0.00;   0.00;   0.00
2021/08/30 14:12:00;s4hd1prd;30.103;      2;     16;      6;     10;      2;      0;      4;     10;      0;      0;      0;      0;   1.00;   0.00;   2.00;   5.00;   0.00;   0.00;   0.00;   0.00
2021/08/30 14:14:00;s4hd1prd;30.103;      1;     10;      4;      6;      1;      0;      3;      6;      0;      0;      0;      0;   1.00;   0.00;   2.50;   3.00;   0.00;   0.00;   0.00;   0.00
2021/08/30 14:16:00;s4hd1prd;30.103;      2;     39;     10;     29;      2;      0;      8;     29;      0;      0;      0;      0;   1.00;   0.00;   3.00;   7.00;   0.00;   0.00;   0.00;   0.00
2021/08/30 14:18:00;s4hd1prd;30.103;      2;     19;      4;     15;      2;      0;      2;     15;      0;      0;      0;      0;   1.00;   0.00;   2.00;   4.75;   0.00;   0.00;   0.00;   0.00
2021/08/30 14:20:00;s4hd1prd;30.103;      1;     20;      4;     16;      1;      0;      3;     16;      0;      0;      0;      0;   1.00;   0.00;   2.50;   8.00;   0.00;   0.00;   0.00;   0.00
2021/08/30 14:22:00;s4hd1prd;30.103;      4;     26;     14;     15;      4;      0;     10;     15;      0;      0;      0;      0;   1.00;   0.00;   3.11;   7.50;   0.00;   0.00;   0.00;   0.00
2021/08/30 14:24:00;s4hd1prd;30.103;      2;     37;      9;     28;      2;      0;      7;     28;      0;      0;      0;      0;   1.00;   0.00;   3.50;  14.00;   0.00;   0.00;   0.00;   0.00
2021/08/30 14:26:00;s4hd1prd;30.103;      2;     20;      5;     16;      2;      0;      3;     16;      0;      0;      0;      0;   1.00;   0.00;   2.16;  13.00;   0.00;   0.00;   0.00;   0.00
2021/08/30 14:28:00;s4hd1prd;30.103;      2;     22;      5;     17;      2;      0;      3;     17;      0;      0;      0;      0;   1.00;   0.00;   3.00;   8.50;   0.00;   0.00;   0.00;   0.00
2021/08/30 14:32:00;s4hd1prd;30.103;      1;      5;      4;      1;      1;      0;      3;      1;      0;      0;      0;      0;   1.00;   0.00;   3.00;   1.00;   0.00;   0.00;   0.00;   0.00
2021/08/30 14:34:00;s4hd1prd;30.103;      3;     20;      7;     16;      3;      0;      4;     16;      0;      0;      0;      0;   1.00;   0.00;   2.50;   8.75;   0.00;   0.00;   0.00;   0.00
2021/08/30 14:36:00;s4hd1prd;30.103;      1;     19;      5;     14;      1;      0;      4;     14;      0;      0;      0;      0;   1.00;   0.00;   2.66;   6.00;   0.00;   0.00;   0.00;   0.00
2021/08/30 14:38:00;s4hd1prd;30.103;      2;     19;      8;     14;      2;      0;      6;     14;      0;      0;      0;      0;   1.00;   0.00;   3.50;  10.50;   0.00;   0.00;   0.00;   0.00
2021/08/30 14:40:00;s4hd1prd;30.103;      2;      3;      2;      1;      2;      0;      0;      1;      0;      0;      0;      0;   1.00;   0.00;   0.00;   1.00;   0.00;   0.00;   0.00;   0.00
2021/08/30 14:44:00;s4hd1prd;30.103;      2;     20;     10;     15;      2;      0;      8;     15;      0;      0;      0;      0;   1.00;   0.00;   4.00;  11.00;   0.00;   0.00;   0.00;   0.00
2021/08/30 14:48:00;s4hd1prd;30.103;      1;     19;      4;     15;      1;      0;      3;     15;      0;      0;      0;      0;   1.00;   0.00;   3.00;  15.00;   0.00;   0.00;   0.00;   0.00
2021/08/30 14:52:00;s4hd1prd;30.103;      1;     19;      3;     16;      1;      0;      2;     16;      0;      0;      0;      0;   1.00;   0.00;   2.00;   8.50;   0.00;   0.00;   0.00;   0.00
2021/08/30 14:56:00;s4hd1prd;30.103;      1;      5;      3;      2;      1;      0;      2;      2;      0;      0;      0;      0;   1.00;   0.00;   2.00;   2.00;   0.00;   0.00;   0.00;   0.00
2021/08/30 14:58:00;s4hd1prd;30.103;      2;     26;      7;     19;      2;      0;      5;     19;      0;      0;      0;      0;   1.00;   0.00;   2.83;   3.83;   0.00;   0.00;   0.00;   0.00
2021/08/30 15:04:00;s4hd1prd;30.103;      1;     20;      4;     16;      1;      0;      3;     16;      0;      0;      0;      0;   1.00;   0.00;   3.00;  16.00;   0.00;   0.00;   0.00;   0.00
2021/08/30 15:06:00;s4hd1prd;30.103;      1;     21;      4;     17;      1;      0;      3;     17;      0;      0;      0;      0;   1.00;   0.00;   3.00;  17.00;   0.00;   0.00;   0.00;   0.00
2021/08/30 15:08:00;s4hd1prd;30.103;      2;      5;      3;      2;      2;      0;      1;      2;      0;      0;      0;      0;   1.00;   0.00;   0.50;   1.00;   0.00;   0.00;   0.00;   0.00
2021/08/30 15:10:00;s4hd1prd;30.103;      2;     28;      8;     20;      2;      0;      6;     20;      0;      0;      0;      0;   1.00;   0.00;   3.00;  10.00;   0.00;   0.00;   0.00;   0.00
2021/08/30 15:12:00;s4hd1prd;30.103;      1;      2;      1;      1;      1;      0;      0;      1;      0;      0;      0;      0;   1.00;   0.00;   0.00;   1.00;   0.00;   0.00;   0.00;   0.00
2021/08/30 15:14:00;s4hd1prd;30.103;      2;     22;      6;     16;      2;      0;      4;     16;      0;      0;      0;      0;   1.00;   0.00;   4.00;  12.00;   0.00;   0.00;   0.00;   0.00
2021/08/30 15:16:00;s4hd1prd;30.103;      1;     21;      5;     16;      1;      0;      4;     16;      0;      0;      0;      0;   1.00;   0.00;   4.00;  16.00;   0.00;   0.00;   0.00;   0.00
2021/08/30 15:18:00;s4hd1prd;30.103;      1;     14;      4;     10;      1;      0;      3;     10;      0;      0;      0;      0;   1.00;   0.00;   3.00;  10.00;   0.00;   0.00;   0.00;   0.00
2021/08/30 15:20:00;s4hd1prd;30.103;      1;      2;      1;      1;      1;      0;      0;      1;      0;      0;      0;      0;   1.00;   0.00;   0.00;   1.00;   0.00;   0.00;   0.00;   0.00
2021/08/30 15:24:00;s4hd1prd;30.103;      1;     19;      3;     16;      1;      0;      2;     16;      0;      0;      0;      0;   1.00;   0.00;   2.00;   9.00;   0.00;   0.00;   0.00;   0.00
2021/08/30 15:26:00;s4hd1prd;30.103;      1;     19;      3;     16;      1;      0;      2;     16;      0;      0;      0;      0;   1.00;   0.00;   2.00;  16.00;   0.00;   0.00;   0.00;   0.00
2021/08/30 15:28:00;s4hd1prd;30.103;      1;      4;      3;      1;      1;      0;      2;      1;      0;      0;      0;      0;   1.00;   0.00;   2.00;   1.00;   0.00;   0.00;   0.00;   0.00
2021/08/30 15:30:00;s4hd1prd;30.103;      1;     19;      4;     15;      1;      0;      3;     15;      0;      0;      0;      0;   1.00;   0.00;   3.00;  15.00;   0.00;   0.00;   0.00;   0.00
2021/08/30 15:32:00;s4hd1prd;30.103;      1;     20;      5;     15;      1;      0;      4;     15;      0;      0;      0;      0;   1.00;   0.00;   4.00;  15.00;   0.00;   0.00;   0.00;   0.00
2021/08/30 15:34:00;s4hd1prd;30.103;      1;     20;      4;     16;      1;      0;      3;     16;      0;      0;      0;      0;   1.00;   0.00;   3.00;  16.00;   0.00;   0.00;   0.00;   0.00
2021/08/30 15:36:00;s4hd1prd;30.103;      2;     20;      7;     13;      2;      0;      5;     13;      0;      0;      0;      0;   1.00;   0.00;   2.50;   6.50;   0.00;   0.00;   0.00;   0.00
2021/08/30 15:38:00;s4hd1prd;30.103;      1;     20;      4;     16;      1;      0;      3;     16;      0;      0;      0;      0;   1.00;   0.00;   3.00;  14.00;   0.00;   0.00;   0.00;   0.00
2021/08/30 15:40:00;s4hd1prd;30.103;      1;      2;      1;      1;      1;      0;      0;      1;      0;      0;      0;      0;   1.00;   0.00;   0.00;   1.00;   0.00;   0.00;   0.00;   0.00
2021/08/30 15:44:00;s4hd1prd;30.103;      1;     20;      4;     16;      1;      0;      3;     16;      0;      0;      0;      0;   1.00;   0.00;   3.00;  16.00;   0.00;   0.00;   0.00;   0.00
2021/08/30 15:46:00;s4hd1prd;30.103;      2;     37;      8;     29;      2;      0;      6;     29;      0;      0;      0;      0;   1.00;   0.00;   4.00;  10.16;   0.00;   0.00;   0.00;   0.00
2021/08/30 15:48:00;s4hd1prd;30.103;      1;     20;      4;     16;      1;      0;      3;     16;      0;      0;      0;      0;   1.00;   0.00;   3.00;  16.00;   0.00;   0.00;   0.00;   0.00
2021/08/30 15:50:00;s4hd1prd;30.103;      1;     21;      5;     16;      1;      0;      4;     16;      0;      0;      0;      0;   1.00;   0.00;   4.00;  16.00;   0.00;   0.00;   0.00;   0.00
2021/08/30 15:52:00;s4hd1prd;30.103;      2;     22;      5;     17;      2;      0;      3;     17;      0;      0;      0;      0;   1.00;   0.00;   3.00;  10.75;   0.00;   0.00;   0.00;   0.00
2021/08/30 15:54:00;s4hd1prd;30.103;      1;      4;      3;      1;      1;      0;      2;      1;      0;      0;      0;      0;   1.00;   0.00;   2.00;   1.00;   0.00;   0.00;   0.00;   0.00
2021/08/30 15:58:00;s4hd1prd;30.103;      2;     20;      6;     15;      2;      0;      4;     15;      0;      0;      0;      0;   1.00;   0.00;   4.00;  10.50;   0.00;   0.00;   0.00;   0.00
2021/08/30 16:00:00;s4hd1prd;30.103;      2;     27;      9;     18;      2;      0;      7;     18;      0;      0;      0;      0;   1.00;   0.00;   2.25;   5.00;   0.00;   0.00;   0.00;   0.00
2021/08/30 16:02:00;s4hd1prd;30.103;      1;     22;      7;     16;      1;      0;      6;     16;      0;      0;      0;      0;   1.00;   0.00;   5.00;  15.50;   0.00;   0.00;   0.00;   0.00
2021/08/30 16:04:00;s4hd1prd;30.103;      1;      8;      3;      5;      1;      0;      2;      5;      0;      0;      0;      0;   1.00;   0.00;   1.50;   3.50;   0.00;   0.00;   0.00;   0.00
2021/08/30 16:06:00;s4hd1prd;30.103;      1;     20;      4;     16;      1;      0;      3;     16;      0;      0;      0;      0;   1.00;   0.00;   1.66;   9.66;   0.00;   0.00;   0.00;   0.00
2021/08/30 16:08:00;s4hd1prd;30.103;      1;     21;      5;     16;      1;      0;      4;     16;      0;      0;      0;      0;   1.00;   0.00;   4.00;  16.00;   0.00;   0.00;   0.00;   0.00
2021/08/30 16:18:00;s4hd1prd;30.103;      1;      3;      2;      1;      1;      0;      1;      1;      0;      0;      0;      0;   1.00;   0.00;   1.00;   1.00;   0.00;   0.00;   0.00;   0.00
2021/08/30 16:22:00;s4hd1prd;30.103;      1;      5;      3;      2;      1;      0;      2;      2;      0;      0;      0;      0;   1.00;   0.00;   2.00;   2.00;   0.00;   0.00;   0.00;   0.00
2021/08/30 16:28:00;s4hd1prd;30.103;      1;     21;      5;     16;      1;      0;      4;     16;      0;      0;      0;      0;   1.00;   0.00;   4.00;  16.00;   0.00;   0.00;   0.00;   0.00
2021/08/30 16:30:00;s4hd1prd;30.103;      1;     19;      3;     16;      1;      0;      2;     16;      0;      0;      0;      0;   1.00;   0.00;   1.00;   8.50;   0.00;   0.00;   0.00;   0.00
2021/08/30 16:40:00;s4hd1prd;30.103;      1;     19;      3;     16;      1;      0;      2;     16;      0;      0;      0;      0;   1.00;   0.00;   2.00;  16.00;   0.00;   0.00;   0.00;   0.00
2021/08/30 16:44:00;s4hd1prd;30.103;      1;      5;      3;      2;      1;      0;      2;      2;      0;      0;      0;      0;   1.00;   0.00;   2.00;   2.00;   0.00;   0.00;   0.00;   0.00
2021/08/30 16:50:00;s4hd1prd;30.103;      1;     20;      4;     16;      1;      0;      3;     16;      0;      0;      0;      0;   1.00;   0.00;   3.00;  16.00;   0.00;   0.00;   0.00;   0.00
2021/08/30 16:52:00;s4hd1prd;30.103;      1;     19;      3;     16;      1;      0;      2;     16;      0;      0;      0;      0;   1.00;   0.00;   2.00;  16.00;   0.00;   0.00;   0.00;   0.00
2021/08/30 16:56:00;s4hd1prd;30.103;      2;     25;      8;     17;      2;      0;      6;     17;      0;      0;      0;      0;   1.00;   0.00;   2.50;  10.37;   0.00;   0.00;   0.00;   0.00
2021/08/30 16:58:00;s4hd1prd;30.103;      1;      2;      1;      1;      1;      0;      0;      1;      0;      0;      0;      0;   1.00;   0.00;   0.00;   1.00;   0.00;   0.00;   0.00;   0.00
2021/08/30 17:02:00;s4hd1prd;30.103;      1;     20;      4;     16;      1;      0;      3;     16;      0;      0;      0;      0;   1.00;   0.00;   2.50;  16.00;   0.00;   0.00;   0.00;   0.00
2021/08/30 17:04:00;s4hd1prd;30.103;      1;      6;      3;      3;      1;      0;      2;      3;      0;      0;      0;      0;   1.00;   0.00;   2.00;   3.00;   0.00;   0.00;   0.00;   0.00
2021/08/30 17:08:00;s4hd1prd;30.103;      1;     21;      5;     16;      1;      0;      4;     16;      0;      0;      0;      0;   1.00;   0.00;   4.00;  16.00;   0.00;   0.00;   0.00;   0.00
2021/08/30 17:10:00;s4hd1prd;30.103;      2;     22;      5;     17;      2;      0;      3;     17;      0;      0;      0;      0;   1.00;   0.00;   1.50;   4.75;   0.00;   0.00;   0.00;   0.00
2021/08/30 17:12:00;s4hd1prd;30.103;      1;     17;      3;     14;      1;      0;      2;     14;      0;      0;      0;      0;   1.00;   0.00;   2.00;   7.50;   0.00;   0.00;   0.00;   0.00
2021/08/30 17:16:00;s4hd1prd;30.103;      1;     20;      4;     16;      1;      0;      3;     16;      0;      0;      0;      0;   1.00;   0.00;   2.50;  16.00;   0.00;   0.00;   0.00;   0.00
2021/08/30 17:34:00;s4hd1prd;30.103;      1;      3;      3;      0;      1;      0;      2;      0;      0;      0;      0;      0;   1.00;   0.00;   2.00;   0.00;   0.00;   0.00;   0.00;   0.00
2021/08/30 17:38:00;s4hd1prd;30.103;      1;     21;      5;     16;      1;      0;      4;     16;      0;      0;      0;      0;   1.00;   0.00;   4.00;  16.00;   0.00;   0.00;   0.00;   0.00
2021/08/30 17:44:00;s4hd1prd;30.103;      1;     21;      5;     16;      1;      0;      4;     16;      0;      0;      0;      0;   1.00;   0.00;   4.00;  16.00;   0.00;   0.00;   0.00;   0.00
2021/08/30 17:48:00;s4hd1prd;30.103;      1;     20;      4;     16;      1;      0;      3;     16;      0;      0;      0;      0;   1.00;   0.00;   2.50;   8.50;   0.00;   0.00;   0.00;   0.00
2021/08/30 17:58:00;s4hd1prd;30.103;      1;      2;      2;      0;      1;      0;      1;      0;      0;      0;      0;      0;   1.00;   0.00;   1.00;   0.00;   0.00;   0.00;   0.00;   0.00
2021/08/30 18:08:00;s4hd1prd;30.103;      1;     10;      4;      6;      1;      0;      3;      6;      0;      0;      0;      0;   1.00;   0.00;   1.50;   3.00;   0.00;   0.00;   0.00;   0.00
2021/08/30 18:12:00;s4hd1prd;30.103;      1;     19;      3;     16;      1;      0;      2;     16;      0;      0;      0;      0;   1.00;   0.00;   2.00;  16.00;   0.00;   0.00;   0.00;   0.00
2021/08/30 18:18:00;s4hd1prd;30.103;      1;     21;      5;     16;      1;      0;      4;     16;      0;      0;      0;      0;   1.00;   0.00;   2.00;   8.50;   0.00;   0.00;   0.00;   0.00
2021/08/30 18:20:00;s4hd1prd;30.103;      1;      2;      1;      1;      1;      0;      0;      1;      0;      0;      0;      0;   1.00;   0.00;   0.00;   1.00;   0.00;   0.00;   0.00;   0.00
2021/08/30 18:24:00;s4hd1prd;30.103;      1;     19;      3;     16;      1;      0;      2;     16;      0;      0;      0;      0;   1.00;   0.00;   2.00;   9.00;   0.00;   0.00;   0.00;   0.00
2021/08/30 18:30:00;s4hd1prd;30.103;      2;     33;      7;     26;      2;      0;      5;     26;      0;      0;      0;      0;   1.00;   0.00;   2.50;  13.00;   0.00;   0.00;   0.00;   0.00
2021/08/30 18:34:00;s4hd1prd;30.103;      1;     20;      4;     16;      1;      0;      3;     16;      0;      0;      0;      0;   1.00;   0.00;   3.00;  16.00;   0.00;   0.00;   0.00;   0.00
2021/08/30 18:44:00;s4hd1prd;30.103;      1;      2;      1;      1;      1;      0;      0;      1;      0;      0;      0;      0;   1.00;   0.00;   0.00;   1.00;   0.00;   0.00;   0.00;   0.00
2021/08/30 18:46:00;s4hd1prd;30.103;      1;      2;      1;      1;      1;      0;      0;      1;      0;      0;      0;      0;   1.00;   0.00;   0.00;   1.00;   0.00;   0.00;   0.00;   0.00
2021/08/30 18:52:00;s4hd1prd;30.103;      1;     20;      4;     16;      1;      0;      3;     16;      0;      0;      0;      0;   1.00;   0.00;   3.00;  16.00;   0.00;   0.00;   0.00;   0.00
2021/08/30 19:08:00;s4hd1prd;30.103;      1;     21;      5;     16;      1;      0;      4;     16;      0;      0;      0;      0;   1.00;   0.00;   4.00;  16.00;   0.00;   0.00;   0.00;   0.00
2021/08/30 19:14:00;s4hd1prd;30.103;      1;     19;      4;     16;      1;      0;      3;     16;      0;      0;      0;      0;   1.00;   0.00;   2.50;   9.50;   0.00;   0.00;   0.00;   0.00
2021/08/30 19:18:00;s4hd1prd;30.103;      1;     21;      5;     16;      1;      0;      4;     16;      0;      0;      0;      0;   1.00;   0.00;   4.00;  16.00;   0.00;   0.00;   0.00;   0.00
2021/08/30 19:32:00;s4hd1prd;30.103;      1;      4;      3;      1;      1;      0;      2;      1;      0;      0;      0;      0;   1.00;   0.00;   2.00;   1.00;   0.00;   0.00;   0.00;   0.00
2021/08/30 19:36:00;s4hd1prd;30.103;      1;      2;      1;      1;      1;      0;      0;      1;      0;      0;      0;      0;   1.00;   0.00;   0.00;   1.00;   0.00;   0.00;   0.00;   0.00
2021/08/30 19:40:00;s4hd1prd;30.103;      1;      4;      3;      1;      1;      0;      2;      1;      0;      0;      0;      0;   1.00;   0.00;   2.00;   1.00;   0.00;   0.00;   0.00;   0.00
2021/08/30 19:44:00;s4hd1prd;30.103;      1;     21;      5;     16;      1;      0;      4;     16;      0;      0;      0;      0;   1.00;   0.00;   4.00;  16.00;   0.00;   0.00;   0.00;   0.00
2021/08/30 19:46:00;s4hd1prd;30.103;      1;      5;      3;      2;      1;      0;      2;      2;      0;      0;      0;      0;   1.00;   0.00;   1.00;   1.50;   0.00;   0.00;   0.00;   0.00
2021/08/30 19:58:00;s4hd1prd;30.103;      1;     21;      5;     16;      1;      0;      4;     16;      0;      0;      0;      0;   1.00;   0.00;   4.00;  16.00;   0.00;   0.00;   0.00;   0.00
2021/08/30 20:00:00;s4hd1prd;30.103;      1;     21;      5;     16;      1;      0;      4;     16;      0;      0;      0;      0;   1.00;   0.00;   4.00;  16.00;   0.00;   0.00;   0.00;   0.00
2021/08/30 20:06:00;s4hd1prd;30.103;      1;     21;      5;     16;      1;      0;      4;     16;      0;      0;      0;      0;   1.00;   0.00;   4.00;  16.00;   0.00;   0.00;   0.00;   0.00
2021/08/30 20:10:00;s4hd1prd;30.103;      1;     21;      5;     16;      1;      0;      4;     16;      0;      0;      0;      0;   1.00;   0.00;   4.00;  16.00;   0.00;   0.00;   0.00;   0.00
2021/08/30 20:12:00;s4hd1prd;30.103;      1;     21;      4;     17;      1;      0;      3;     17;      0;      0;      0;      0;   1.00;   0.00;   3.00;  17.00;   0.00;   0.00;   0.00;   0.00
2021/08/30 20:20:00;s4hd1prd;30.103;      2;      4;      2;      2;      2;      0;      0;      2;      0;      0;      0;      0;   1.00;   0.00;   0.00;   1.00;   0.00;   0.00;   0.00;   0.00
2021/08/30 20:32:00;s4hd1prd;30.103;      1;     19;      3;     16;      1;      0;      2;     16;      0;      0;      0;      0;   1.00;   0.00;   2.00;  16.00;   0.00;   0.00;   0.00;   0.00
2021/08/30 20:34:00;s4hd1prd;30.103;      1;      4;      2;      2;      1;      0;      1;      2;      0;      0;      0;      0;   1.00;   0.00;   1.00;   2.00;   0.00;   0.00;   0.00;   0.00
2021/08/30 20:36:00;s4hd1prd;30.103;      1;      3;      2;      1;      1;      0;      1;      1;      0;      0;      0;      0;   1.00;   0.00;   1.00;   1.00;   0.00;   0.00;   0.00;   0.00
2021/08/30 20:40:00;s4hd1prd;30.103;      1;     21;      5;     16;      1;      0;      4;     16;      0;      0;      0;      0;   1.00;   0.00;   4.00;  16.00;   0.00;   0.00;   0.00;   0.00
2021/08/30 20:42:00;s4hd1prd;30.103;      1;     21;      5;     16;      1;      0;      4;     16;      0;      0;      0;      0;   1.00;   0.00;   4.00;  16.00;   0.00;   0.00;   0.00;   0.00
2021/08/30 20:44:00;s4hd1prd;30.103;      1;     21;      5;     16;      1;      0;      4;     16;      0;      0;      0;      0;   1.00;   0.00;   4.00;  16.00;   0.00;   0.00;   0.00;   0.00
2021/08/30 20:52:00;s4hd1prd;30.103;      1;     21;      5;     16;      1;      0;      4;     16;      0;      0;      0;      0;   1.00;   0.00;   4.00;  16.00;   0.00;   0.00;   0.00;   0.00
2021/08/30 20:54:00;s4hd1prd;30.103;      1;     19;      3;     16;      1;      0;      2;     16;      0;      0;      0;      0;   1.00;   0.00;   2.00;  16.00;   0.00;   0.00;   0.00;   0.00
2021/08/30 21:06:00;s4hd1prd;30.103;      1;     21;      5;     16;      1;      0;      4;     16;      0;      0;      0;      0;   1.00;   0.00;   4.00;  16.00;   0.00;   0.00;   0.00;   0.00
2021/08/30 21:22:00;s4hd1prd;30.103;      1;      2;      1;      1;      1;      0;      0;      1;      0;      0;      0;      0;   1.00;   0.00;   0.00;   1.00;   0.00;   0.00;   0.00;   0.00
2021/08/30 21:24:00;s4hd1prd;30.103;      1;     19;      3;     16;      1;      0;      2;     16;      0;      0;      0;      0;   1.00;   0.00;   2.00;  16.00;   0.00;   0.00;   0.00;   0.00
2021/08/30 21:34:00;s4hd1prd;30.103;      1;     20;      4;     16;      1;      0;      3;     16;      0;      0;      0;      0;   1.00;   0.00;   3.00;  16.00;   0.00;   0.00;   0.00;   0.00
2021/08/30 21:38:00;s4hd1prd;30.103;      1;      6;      3;      3;      1;      0;      2;      3;      0;      0;      0;      0;   1.00;   0.00;   2.00;   3.00;   0.00;   0.00;   0.00;   0.00
2021/08/30 21:40:00;s4hd1prd;30.103;      1;     19;      3;     16;      1;      0;      2;     16;      0;      0;      0;      0;   1.00;   0.00;   2.00;  16.00;   0.00;   0.00;   0.00;   0.00
2021/08/30 21:42:00;s4hd1prd;30.103;      1;     20;      4;     16;      1;      0;      3;     16;      0;      0;      0;      0;   1.00;   0.00;   3.00;  16.00;   0.00;   0.00;   0.00;   0.00
2021/08/30 21:44:00;s4hd1prd;30.103;      1;     21;      5;     16;      1;      0;      4;     16;      0;      0;      0;      0;   1.00;   0.00;   4.00;  16.00;   0.00;   0.00;   0.00;   0.00
2021/08/30 21:46:00;s4hd1prd;30.103;      1;     21;      5;     16;      1;      0;      4;     16;      0;      0;      0;      0;   1.00;   0.00;   4.00;  16.00;   0.00;   0.00;   0.00;   0.00
2021/08/30 21:48:00;s4hd1prd;30.103;      1;      4;      3;      1;      1;      0;      2;      1;      0;      0;      0;      0;   1.00;   0.00;   2.00;   1.00;   0.00;   0.00;   0.00;   0.00
2021/08/30 21:52:00;s4hd1prd;30.103;      1;     21;      5;     16;      1;      0;      4;     16;      0;      0;      0;      0;   1.00;   0.00;   2.50;   8.50;   0.00;   0.00;   0.00;   0.00
2021/08/30 22:02:00;s4hd1prd;30.103;      1;      4;      3;      1;      1;      0;      2;      1;      0;      0;      0;      0;   1.00;   0.00;   2.00;   1.00;   0.00;   0.00;   0.00;   0.00
2021/08/30 22:08:00;s4hd1prd;30.103;      1;      5;      3;      2;      1;      0;      2;      2;      0;      0;      0;      0;   1.00;   0.00;   2.00;   2.00;   0.00;   0.00;   0.00;   0.00
2021/08/30 22:10:00;s4hd1prd;30.103;      1;     21;      5;     16;      1;      0;      4;     16;      0;      0;      0;      0;   1.00;   0.00;   3.50;  16.00;   0.00;   0.00;   0.00;   0.00
2021/08/30 22:16:00;s4hd1prd;30.103;      3;     60;     12;     48;      3;      0;      9;     48;      0;      0;      0;      0;   1.00;   0.00;   2.83;  12.16;   0.00;   0.00;   0.00;   0.00
2021/08/30 22:20:00;s4hd1prd;30.103;      1;      5;      3;      2;      1;      0;      2;      2;      0;      0;      0;      0;   1.00;   0.00;   2.00;   2.00;   0.00;   0.00;   0.00;   0.00
2021/08/30 22:26:00;s4hd1prd;30.103;      1;      4;      3;      1;      1;      0;      2;      1;      0;      0;      0;      0;   1.00;   0.00;   2.00;   1.00;   0.00;   0.00;   0.00;   0.00
2021/08/30 22:34:00;s4hd1prd;30.103;      1;     20;      4;     16;      1;      0;      3;     16;      0;      0;      0;      0;   1.00;   0.00;   3.00;  16.00;   0.00;   0.00;   0.00;   0.00
2021/08/30 22:40:00;s4hd1prd;30.103;      1;     19;      3;     16;      1;      0;      2;     16;      0;      0;      0;      0;   1.00;   0.00;   2.00;  16.00;   0.00;   0.00;   0.00;   0.00
2021/08/30 22:42:00;s4hd1prd;30.103;      1;     19;      3;     16;      1;      0;      2;     16;      0;      0;      0;      0;   1.00;   0.00;   2.00;  16.00;   0.00;   0.00;   0.00;   0.00
2021/08/30 22:44:00;s4hd1prd;30.103;      1;     21;      5;     16;      1;      0;      4;     16;      0;      0;      0;      0;   1.00;   0.00;   4.00;  16.00;   0.00;   0.00;   0.00;   0.00
2021/08/30 22:48:00;s4hd1prd;30.103;      1;      2;      1;      1;      1;      0;      0;      1;      0;      0;      0;      0;   1.00;   0.00;   0.00;   1.00;   0.00;   0.00;   0.00;   0.00
2021/08/30 22:54:00;s4hd1prd;30.103;      1;     20;      4;     16;      1;      0;      3;     16;      0;      0;      0;      0;   1.00;   0.00;   3.00;  16.00;   0.00;   0.00;   0.00;   0.00
2021/08/30 23:22:00;s4hd1prd;30.103;      1;     20;      4;     16;      1;      0;      3;     16;      0;      0;      0;      0;   1.00;   0.00;   3.00;  16.00;   0.00;   0.00;   0.00;   0.00
2021/08/30 23:24:00;s4hd1prd;30.103;      2;     42;     10;     32;      2;      0;      8;     32;      0;      0;      0;      0;   1.00;   0.00;   4.00;  16.00;   0.00;   0.00;   0.00;   0.00
2021/08/30 23:26:00;s4hd1prd;30.103;      1;     21;      5;     16;      1;      0;      4;     16;      0;      0;      0;      0;   1.00;   0.00;   4.00;  16.00;   0.00;   0.00;   0.00;   0.00
2021/08/30 23:28:00;s4hd1prd;30.103;      1;     21;      5;     16;      1;      0;      4;     16;      0;      0;      0;      0;   1.00;   0.00;   4.00;  16.00;   0.00;   0.00;   0.00;   0.00
2021/08/30 23:34:00;s4hd1prd;30.103;      1;     21;      5;     16;      1;      0;      4;     16;      0;      0;      0;      0;   1.00;   0.00;   3.00;   8.50;   0.00;   0.00;   0.00;   0.00
2021/08/30 23:36:00;s4hd1prd;30.103;      1;     20;      4;     16;      1;      0;      3;     16;      0;      0;      0;      0;   1.00;   0.00;   3.00;  16.00;   0.00;   0.00;   0.00;   0.00
2021/08/30 23:38:00;s4hd1prd;30.103;      1;     20;      4;     16;      1;      0;      3;     16;      0;      0;      0;      0;   1.00;   0.00;   3.00;  16.00;   0.00;   0.00;   0.00;   0.00
2021/08/30 23:40:00;s4hd1prd;30.103;      1;     21;      5;     16;      1;      0;      4;     16;      0;      0;      0;      0;   1.00;   0.00;   4.00;  16.00;   0.00;   0.00;   0.00;   0.00
2021/08/30 23:46:00;s4hd1prd;30.103;      2;     22;      5;     17;      2;      0;      3;     17;      0;      0;      0;      0;   1.00;   0.00;   3.00;   8.50;   0.00;   0.00;   0.00;   0.00
2021/08/30 23:54:00;s4hd1prd;30.103;      1;     20;      4;     16;      1;      0;      3;     16;      0;      0;      0;      0;   1.00;   0.00;   1.50;   8.50;   0.00;   0.00;   0.00;   0.00
2021/08/30 23:56:00;s4hd1prd;30.103;      1;     20;      4;     16;      1;      0;      3;     16;      0;      0;      0;      0;   1.00;   0.00;   3.00;  16.00;   0.00;   0.00;   0.00;   0.00
2021/08/30 23:58:00;s4hd1prd;30.103;      1;     21;      5;     16;      1;      0;      4;     16;      0;      0;      0;      0;   1.00;   0.00;   4.00;  16.00;   0.00;   0.00;   0.00;   0.00
2021/08/31 00:00:00;s4hd1prd;30.103;      1;     20;      4;     16;      1;      0;      3;     16;      0;      0;      0;      0;   1.00;   0.00;   3.00;  16.00;   0.00;   0.00;   0.00;   0.00
2021/08/31 00:02:00;s4hd1prd;30.103;      3;     33;     11;     22;      3;      0;      8;     22;      0;      0;      0;      0;   1.00;   0.00;   2.66;   7.33;   0.00;   0.00;   0.00;   0.00
2021/08/31 00:08:00;s4hd1prd;30.103;      1;     20;      4;     16;      1;      0;      3;     16;      0;      0;      0;      0;   1.00;   0.00;   3.00;  16.00;   0.00;   0.00;   0.00;   0.00
2021/08/31 00:14:00;s4hd1prd;30.103;      1;     20;      4;     16;      1;      0;      3;     16;      0;      0;      0;      0;   1.00;   0.00;   3.00;  16.00;   0.00;   0.00;   0.00;   0.00
2021/08/31 00:16:00;s4hd1prd;30.103;      1;     20;      4;     16;      1;      0;      3;     16;      0;      0;      0;      0;   1.00;   0.00;   3.00;  16.00;   0.00;   0.00;   0.00;   0.00
2021/08/31 00:20:00;s4hd1prd;30.103;      1;      2;      1;      1;      1;      0;      0;      1;      0;      0;      0;      0;   1.00;   0.00;   0.00;   1.00;   0.00;   0.00;   0.00;   0.00
2021/08/31 00:26:00;s4hd1prd;30.103;      1;     21;      5;     16;      1;      0;      4;     16;      0;      0;      0;      0;   1.00;   0.00;   3.00;  10.00;   0.00;   0.00;   0.00;   0.00
2021/08/31 00:32:00;s4hd1prd;30.103;      1;     20;      4;     16;      1;      0;      3;     16;      0;      0;      0;      0;   1.00;   0.00;   3.00;  16.00;   0.00;   0.00;   0.00;   0.00
2021/08/31 00:34:00;s4hd1prd;30.103;      1;     21;      5;     16;      1;      0;      4;     16;      0;      0;      0;      0;   1.00;   0.00;   4.00;  16.00;   0.00;   0.00;   0.00;   0.00
2021/08/31 00:40:00;s4hd1prd;30.103;      1;     20;      4;     16;      1;      0;      3;     16;      0;      0;      0;      0;   1.00;   0.00;   1.50;   8.50;   0.00;   0.00;   0.00;   0.00
2021/08/31 00:42:00;s4hd1prd;30.103;      1;      2;      1;      1;      1;      0;      0;      1;      0;      0;      0;      0;   1.00;   0.00;   0.00;   1.00;   0.00;   0.00;   0.00;   0.00
2021/08/31 00:44:00;s4hd1prd;30.103;      1;     20;      4;     16;      1;      0;      3;     16;      0;      0;      0;      0;   1.00;   0.00;   3.00;  16.00;   0.00;   0.00;   0.00;   0.00
2021/08/31 00:46:00;s4hd1prd;30.103;      1;      2;      1;      1;      1;      0;      0;      1;      0;      0;      0;      0;   1.00;   0.00;   0.00;   1.00;   0.00;   0.00;   0.00;   0.00
2021/08/31 00:52:00;s4hd1prd;30.103;      1;     21;      5;     16;      1;      0;      4;     16;      0;      0;      0;      0;   1.00;   0.00;   3.00;  16.00;   0.00;   0.00;   0.00;   0.00
2021/08/31 00:54:00;s4hd1prd;30.103;      1;     21;      5;     16;      1;      0;      4;     16;      0;      0;      0;      0;   1.00;   0.00;   4.00;  16.00;   0.00;   0.00;   0.00;   0.00
2021/08/31 00:56:00;s4hd1prd;30.103;      1;     21;      5;     16;      1;      0;      4;     16;      0;      0;      0;      0;   1.00;   0.00;   3.00;  11.00;   0.00;   0.00;   0.00;   0.00
2021/08/31 01:02:00;s4hd1prd;30.103;      2;     22;      5;     17;      2;      0;      3;     17;      0;      0;      0;      0;   1.00;   0.00;   3.00;   8.50;   0.00;   0.00;   0.00;   0.00
2021/08/31 01:06:00;s4hd1prd;30.103;      2;      8;      6;      2;      2;      0;      4;      2;      0;      0;      0;      0;   1.00;   0.00;   2.00;   1.00;   0.00;   0.00;   0.00;   0.00
2021/08/31 01:10:00;s4hd1prd;30.103;      1;      3;      2;      1;      1;      0;      1;      1;      0;      0;      0;      0;   1.00;   0.00;   1.00;   1.00;   0.00;   0.00;   0.00;   0.00
2021/08/31 01:18:00;s4hd1prd;30.103;      1;      2;      1;      1;      1;      0;      0;      1;      0;      0;      0;      0;   1.00;   0.00;   0.00;   1.00;   0.00;   0.00;   0.00;   0.00
2021/08/31 01:20:00;s4hd1prd;30.103;      1;      7;      4;      3;      1;      0;      3;      3;      0;      0;      0;      0;   1.00;   0.00;   3.00;   3.00;   0.00;   0.00;   0.00;   0.00
2021/08/31 01:22:00;s4hd1prd;30.103;      1;     20;      4;     16;      1;      0;      3;     16;      0;      0;      0;      0;   1.00;   0.00;   2.50;  16.00;   0.00;   0.00;   0.00;   0.00
2021/08/31 01:24:00;s4hd1prd;30.103;      1;      7;      3;      4;      1;      0;      2;      4;      0;      0;      0;      0;   1.00;   0.00;   2.00;   4.00;   0.00;   0.00;   0.00;   0.00
2021/08/31 01:26:00;s4hd1prd;30.103;      1;     20;      4;     16;      1;      0;      3;     16;      0;      0;      0;      0;   1.00;   0.00;   3.00;  16.00;   0.00;   0.00;   0.00;   0.00
2021/08/31 01:28:00;s4hd1prd;30.103;      1;     20;      4;     16;      1;      0;      3;     16;      0;      0;      0;      0;   1.00;   0.00;   3.00;  16.00;   0.00;   0.00;   0.00;   0.00
2021/08/31 01:30:00;s4hd1prd;30.103;      1;     21;      5;     16;      1;      0;      4;     16;      0;      0;      0;      0;   1.00;   0.00;   4.00;  16.00;   0.00;   0.00;   0.00;   0.00
2021/08/31 01:32:00;s4hd1prd;30.103;      1;      3;      2;      1;      1;      0;      1;      1;      0;      0;      0;      0;   1.00;   0.00;   1.00;   1.00;   0.00;   0.00;   0.00;   0.00
2021/08/31 01:38:00;s4hd1prd;30.103;      2;     42;     10;     32;      2;      0;      8;     32;      0;      0;      0;      0;   1.00;   0.00;   4.00;  16.00;   0.00;   0.00;   0.00;   0.00
2021/08/31 01:42:00;s4hd1prd;30.103;      1;     21;      5;     16;      1;      0;      4;     16;      0;      0;      0;      0;   1.00;   0.00;   4.00;  16.00;   0.00;   0.00;   0.00;   0.00
2021/08/31 01:50:00;s4hd1prd;30.103;      1;     20;      4;     16;      1;      0;      3;     16;      0;      0;      0;      0;   1.00;   0.00;   3.00;  16.00;   0.00;   0.00;   0.00;   0.00
2021/08/31 01:52:00;s4hd1prd;30.103;      1;     20;      4;     16;      1;      0;      3;     16;      0;      0;      0;      0;   1.00;   0.00;   3.00;  16.00;   0.00;   0.00;   0.00;   0.00
2021/08/31 01:54:00;s4hd1prd;30.103;      1;     21;      5;     16;      1;      0;      4;     16;      0;      0;      0;      0;   1.00;   0.00;   2.00;   8.50;   0.00;   0.00;   0.00;   0.00
2021/08/31 01:56:00;s4hd1prd;30.103;      1;      2;      1;      1;      1;      0;      0;      1;      0;      0;      0;      0;   1.00;   0.00;   0.00;   1.00;   0.00;   0.00;   0.00;   0.00
2021/08/31 02:14:00;s4hd1prd;30.103;      2;     24;      7;     17;      2;      0;      5;     17;      0;      0;      0;      0;   1.00;   0.00;   2.75;  12.25;   0.00;   0.00;   0.00;   0.00
2021/08/31 02:42:00;s4hd1prd;30.103;      1;      2;      1;      1;      1;      0;      0;      1;      0;      0;      0;      0;   1.00;   0.00;   0.00;   1.00;   0.00;   0.00;   0.00;   0.00
2021/08/31 02:44:00;s4hd1prd;30.103;      1;     21;      5;     16;      1;      0;      4;     16;      0;      0;      0;      0;   1.00;   0.00;   3.50;  16.00;   0.00;   0.00;   0.00;   0.00
2021/08/31 02:50:00;s4hd1prd;30.103;      1;     20;      4;     16;      1;      0;      3;     16;      0;      0;      0;      0;   1.00;   0.00;   3.00;  16.00;   0.00;   0.00;   0.00;   0.00
2021/08/31 02:54:00;s4hd1prd;30.103;      2;     24;      7;     17;      2;      0;      5;     17;      0;      0;      0;      0;   1.00;   0.00;   2.50;   8.50;   0.00;   0.00;   0.00;   0.00
2021/08/31 03:04:00;s4hd1prd;30.103;      1;      4;      3;      1;      1;      0;      2;      1;      0;      0;      0;      0;   1.00;   0.00;   1.00;   1.00;   0.00;   0.00;   0.00;   0.00
2021/08/31 03:22:00;s4hd1prd;30.103;      1;     21;      5;     16;      1;      0;      4;     16;      0;      0;      0;      0;   1.00;   0.00;   4.00;  16.00;   0.00;   0.00;   0.00;   0.00
2021/08/31 03:26:00;s4hd1prd;30.103;      1;      4;      3;      1;      1;      0;      2;      1;      0;      0;      0;      0;   1.00;   0.00;   2.00;   1.00;   0.00;   0.00;   0.00;   0.00
2021/08/31 03:30:00;s4hd1prd;30.103;      1;     19;      4;     15;      1;      0;      3;     15;      0;      0;      0;      0;   1.00;   0.00;   3.00;  15.00;   0.00;   0.00;   0.00;   0.00
2021/08/31 03:34:00;s4hd1prd;30.103;      1;      9;      4;      5;      1;      0;      3;      5;      0;      0;      0;      0;   1.00;   0.00;   3.00;   5.00;   0.00;   0.00;   0.00;   0.00
2021/08/31 03:40:00;s4hd1prd;30.103;      1;      2;      1;      1;      1;      0;      0;      1;      0;      0;      0;      0;   1.00;   0.00;   0.00;   1.00;   0.00;   0.00;   0.00;   0.00
2021/08/31 03:42:00;s4hd1prd;30.103;      1;     20;      4;     16;      1;      0;      3;     16;      0;      0;      0;      0;   1.00;   0.00;   3.00;  16.00;   0.00;   0.00;   0.00;   0.00
2021/08/31 03:44:00;s4hd1prd;30.103;      1;     21;      5;     16;      1;      0;      4;     16;      0;      0;      0;      0;   1.00;   0.00;   4.00;  16.00;   0.00;   0.00;   0.00;   0.00
2021/08/31 03:52:00;s4hd1prd;30.103;      1;     21;      5;     16;      1;      0;      4;     16;      0;      0;      0;      0;   1.00;   0.00;   4.00;  16.00;   0.00;   0.00;   0.00;   0.00
2021/08/31 04:00:00;s4hd1prd;30.103;      1;      4;      3;      1;      1;      0;      2;      1;      0;      0;      0;      0;   1.00;   0.00;   2.00;   1.00;   0.00;   0.00;   0.00;   0.00
2021/08/31 04:02:00;s4hd1prd;30.103;      1;      4;      3;      1;      1;      0;      2;      1;      0;      0;      0;      0;   1.00;   0.00;   2.00;   1.00;   0.00;   0.00;   0.00;   0.00
2021/08/31 04:06:00;s4hd1prd;30.103;      1;     19;      3;     16;      1;      0;      2;     16;      0;      0;      0;      0;   1.00;   0.00;   2.00;  16.00;   0.00;   0.00;   0.00;   0.00
2021/08/31 04:24:00;s4hd1prd;30.103;      1;      5;      3;      2;      1;      0;      2;      2;      0;      0;      0;      0;   1.00;   0.00;   2.00;   2.00;   0.00;   0.00;   0.00;   0.00
2021/08/31 04:30:00;s4hd1prd;30.103;      1;      7;      4;      3;      1;      0;      3;      3;      0;      0;      0;      0;   1.00;   0.00;   3.00;   3.00;   0.00;   0.00;   0.00;   0.00
2021/08/31 04:36:00;s4hd1prd;30.103;      2;     41;      9;     32;      2;      0;      7;     32;      0;      0;      0;      0;   1.00;   0.00;   3.50;  16.00;   0.00;   0.00;   0.00;   0.00
2021/08/31 04:38:00;s4hd1prd;30.103;      2;     40;      8;     32;      2;      0;      6;     32;      0;      0;      0;      0;   1.00;   0.00;   3.00;  16.00;   0.00;   0.00;   0.00;   0.00
2021/08/31 04:42:00;s4hd1prd;30.103;      1;     21;      5;     16;      1;      0;      4;     16;      0;      0;      0;      0;   1.00;   0.00;   4.00;  16.00;   0.00;   0.00;   0.00;   0.00
2021/08/31 04:46:00;s4hd1prd;30.103;      1;     19;      3;     16;      1;      0;      2;     16;      0;      0;      0;      0;   1.00;   0.00;   2.00;  16.00;   0.00;   0.00;   0.00;   0.00
2021/08/31 04:50:00;s4hd1prd;30.103;      3;     45;     11;     34;      3;      0;      8;     34;      0;      0;      0;      0;   1.00;   0.00;   2.66;  11.33;   0.00;   0.00;   0.00;   0.00
2021/08/31 04:52:00;s4hd1prd;30.103;      1;     20;      4;     16;      1;      0;      3;     16;      0;      0;      0;      0;   1.00;   0.00;   2.66;  16.00;   0.00;   0.00;   0.00;   0.00
2021/08/31 04:54:00;s4hd1prd;30.103;      1;     19;      3;     16;      1;      0;      2;     16;      0;      0;      0;      0;   1.00;   0.00;   2.00;  16.00;   0.00;   0.00;   0.00;   0.00
2021/08/31 04:56:00;s4hd1prd;30.103;      1;     20;      4;     16;      1;      0;      3;     16;      0;      0;      0;      0;   1.00;   0.00;   3.00;  16.00;   0.00;   0.00;   0.00;   0.00
2021/08/31 04:58:00;s4hd1prd;30.103;      1;      2;      1;      1;      1;      0;      0;      1;      0;      0;      0;      0;   1.00;   0.00;   0.00;   1.00;   0.00;   0.00;   0.00;   0.00
2021/08/31 05:06:00;s4hd1prd;30.103;      1;      4;      3;      1;      1;      0;      2;      1;      0;      0;      0;      0;   1.00;   0.00;   2.00;   1.00;   0.00;   0.00;   0.00;   0.00
2021/08/31 05:10:00;s4hd1prd;30.103;      1;      2;      1;      1;      1;      0;      0;      1;      0;      0;      0;      0;   1.00;   0.00;   0.00;   1.00;   0.00;   0.00;   0.00;   0.00
2021/08/31 05:12:00;s4hd1prd;30.103;      1;     21;      5;     16;      1;      0;      4;     16;      0;      0;      0;      0;   1.00;   0.00;   3.50;  16.00;   0.00;   0.00;   0.00;   0.00
2021/08/31 05:16:00;s4hd1prd;30.103;      1;     19;      3;     16;      1;      0;      2;     16;      0;      0;      0;      0;   1.00;   0.00;   2.00;  16.00;   0.00;   0.00;   0.00;   0.00
2021/08/31 05:20:00;s4hd1prd;30.103;      1;     21;      5;     16;      1;      0;      4;     16;      0;      0;      0;      0;   1.00;   0.00;   2.00;   8.50;   0.00;   0.00;   0.00;   0.00
2021/08/31 05:22:00;s4hd1prd;30.103;      1;     19;      3;     16;      1;      0;      2;     16;      0;      0;      0;      0;   1.00;   0.00;   2.00;  16.00;   0.00;   0.00;   0.00;   0.00
2021/08/31 05:24:00;s4hd1prd;30.103;      1;     20;      4;     16;      1;      0;      3;     16;      0;      0;      0;      0;   1.00;   0.00;   3.00;  16.00;   0.00;   0.00;   0.00;   0.00
2021/08/31 05:28:00;s4hd1prd;30.103;      1;     21;      5;     16;      1;      0;      4;     16;      0;      0;      0;      0;   1.00;   0.00;   4.00;  16.00;   0.00;   0.00;   0.00;   0.00
2021/08/31 05:34:00;s4hd1prd;30.103;      2;     41;      9;     32;      2;      0;      7;     32;      0;      0;      0;      0;   1.00;   0.00;   3.50;  16.00;   0.00;   0.00;   0.00;   0.00
2021/08/31 05:42:00;s4hd1prd;30.103;      1;      4;      3;      1;      1;      0;      2;      1;      0;      0;      0;      0;   1.00;   0.00;   2.00;   1.00;   0.00;   0.00;   0.00;   0.00
2021/08/31 05:44:00;s4hd1prd;30.103;      1;     21;      5;     16;      1;      0;      4;     16;      0;      0;      0;      0;   1.00;   0.00;   4.00;  16.00;   0.00;   0.00;   0.00;   0.00
2021/08/31 05:46:00;s4hd1prd;30.103;      1;      2;      1;      1;      1;      0;      0;      1;      0;      0;      0;      0;   1.00;   0.00;   0.00;   1.00;   0.00;   0.00;   0.00;   0.00
2021/08/31 05:48:00;s4hd1prd;30.103;      1;     21;      5;     16;      1;      0;      4;     16;      0;      0;      0;      0;   1.00;   0.00;   4.00;  16.00;   0.00;   0.00;   0.00;   0.00
2021/08/31 05:54:00;s4hd1prd;30.103;      2;     31;      9;     22;      2;      0;      7;     22;      0;      0;      0;      0;   1.00;   0.00;   3.50;  11.00;   0.00;   0.00;   0.00;   0.00
2021/08/31 05:56:00;s4hd1prd;30.103;      1;     21;      5;     16;      1;      0;      4;     16;      0;      0;      0;      0;   1.00;   0.00;   4.00;  16.00;   0.00;   0.00;   0.00;   0.00
2021/08/31 05:58:00;s4hd1prd;30.103;      1;     19;      3;     16;      1;      0;      2;     16;      0;      0;      0;      0;   1.00;   0.00;   2.00;  16.00;   0.00;   0.00;   0.00;   0.00
2021/08/31 06:04:00;s4hd1prd;30.103;      1;     10;      4;      6;      1;      0;      3;      6;      0;      0;      0;      0;   1.00;   0.00;   3.00;   6.00;   0.00;   0.00;   0.00;   0.00
2021/08/31 06:08:00;s4hd1prd;30.103;      2;     40;      8;     32;      2;      0;      6;     32;      0;      0;      0;      0;   1.00;   0.00;   3.00;  16.00;   0.00;   0.00;   0.00;   0.00
2021/08/31 06:10:00;s4hd1prd;30.103;      1;     21;      5;     16;      1;      0;      4;     16;      0;      0;      0;      0;   1.00;   0.00;   3.50;  16.00;   0.00;   0.00;   0.00;   0.00
2021/08/31 06:12:00;s4hd1prd;30.103;      4;     72;     17;     55;      4;      0;     13;     55;      0;      0;      0;      0;   1.00;   0.00;   3.02;  12.37;   0.00;   0.00;   0.00;   0.00
2021/08/31 06:14:00;s4hd1prd;30.103;      1;     21;      5;     16;      1;      0;      4;     16;      0;      0;      0;      0;   1.00;   0.00;   3.50;  16.00;   0.00;   0.00;   0.00;   0.00
2021/08/31 06:16:00;s4hd1prd;30.103;      4;     46;     12;     34;      4;      0;      8;     34;      0;      0;      0;      0;   1.00;   0.00;   2.33;   5.25;   0.00;   0.00;   0.00;   0.00
2021/08/31 06:18:00;s4hd1prd;30.103;      2;     25;      8;     17;      2;      0;      6;     17;      0;      0;      0;      0;   1.00;   0.00;   3.00;   8.50;   0.00;   0.00;   0.00;   0.00
2021/08/31 06:22:00;s4hd1prd;30.103;      2;     40;      8;     32;      2;      0;      6;     32;      0;      0;      0;      0;   1.00;   0.00;   3.00;  11.50;   0.00;   0.00;   0.00;   0.00
2021/08/31 06:24:00;s4hd1prd;30.103;      1;     20;      4;     16;      1;      0;      3;     16;      0;      0;      0;      0;   1.00;   0.00;   2.50;  13.50;   0.00;   0.00;   0.00;   0.00
2021/08/31 06:26:00;s4hd1prd;30.103;      3;     24;      7;     17;      3;      0;      4;     17;      0;      0;      0;      0;   1.00;   0.00;   2.00;   8.50;   0.00;   0.00;   0.00;   0.00
2021/08/31 06:32:00;s4hd1prd;30.103;      2;     26;      8;     18;      2;      0;      6;     18;      0;      0;      0;      0;   1.00;   0.00;   3.00;  12.50;   0.00;   0.00;   0.00;   0.00
2021/08/31 06:34:00;s4hd1prd;30.103;      1;     20;      4;     16;      1;      0;      3;     16;      0;      0;      0;      0;   1.00;   0.00;   3.00;  16.00;   0.00;   0.00;   0.00;   0.00
2021/08/31 06:36:00;s4hd1prd;30.103;      1;     20;      4;     16;      1;      0;      3;     16;      0;      0;      0;      0;   1.00;   0.00;   3.00;  16.00;   0.00;   0.00;   0.00;   0.00
2021/08/31 06:38:00;s4hd1prd;30.103;      3;     59;     12;     47;      3;      0;      9;     47;      0;      0;      0;      0;   1.00;   0.00;   2.66;  15.88;   0.00;   0.00;   0.00;   0.00
2021/08/31 06:42:00;s4hd1prd;30.103;      3;     60;     12;     48;      3;      0;      9;     48;      0;      0;      0;      0;   1.00;   0.00;   2.00;   8.50;   0.00;   0.00;   0.00;   0.00
2021/08/31 06:44:00;s4hd1prd;30.103;      2;     40;     10;     32;      2;      0;      8;     32;      0;      0;      0;      0;   1.00;   0.00;   3.00;  10.66;   0.00;   0.00;   0.00;   0.00
2021/08/31 06:46:00;s4hd1prd;30.103;      2;     24;      7;     17;      2;      0;      5;     17;      0;      0;      0;      0;   1.00;   0.00;   2.50;   8.50;   0.00;   0.00;   0.00;   0.00
2021/08/31 06:50:00;s4hd1prd;30.103;      2;      6;      4;      2;      2;      0;      2;      2;      0;      0;      0;      0;   1.00;   0.00;   1.50;   1.00;   0.00;   0.00;   0.00;   0.00
2021/08/31 06:52:00;s4hd1prd;30.103;      1;     20;      4;     16;      1;      0;      3;     16;      0;      0;      0;      0;   1.00;   0.00;   3.00;  16.00;   0.00;   0.00;   0.00;   0.00
2021/08/31 06:54:00;s4hd1prd;30.103;      2;     41;      9;     32;      2;      0;      7;     32;      0;      0;      0;      0;   1.00;   0.00;   2.50;  11.00;   0.00;   0.00;   0.00;   0.00
2021/08/31 06:56:00;s4hd1prd;30.103;      2;     41;      9;     32;      2;      0;      7;     32;      0;      0;      0;      0;   1.00;   0.00;   3.50;  16.00;   0.00;   0.00;   0.00;   0.00
2021/08/31 06:58:00;s4hd1prd;30.103;      2;     25;      7;     18;      2;      0;      5;     18;      0;      0;      0;      0;   1.00;   0.00;   2.50;   9.00;   0.00;   0.00;   0.00;   0.00
2021/08/31 07:04:00;s4hd1prd;30.103;      1;     19;      3;     16;      1;      0;      2;     16;      0;      0;      0;      0;   1.00;   0.00;   2.00;  16.00;   0.00;   0.00;   0.00;   0.00
2021/08/31 07:06:00;s4hd1prd;30.103;      1;      3;      2;      1;      1;      0;      1;      1;      0;      0;      0;      0;   1.00;   0.00;   1.00;   1.00;   0.00;   0.00;   0.00;   0.00
2021/08/31 07:10:00;s4hd1prd;30.103;      1;     21;      5;     16;      1;      0;      4;     16;      0;      0;      0;      0;   1.00;   0.00;   4.00;  16.00;   0.00;   0.00;   0.00;   0.00
2021/08/31 07:12:00;s4hd1prd;30.103;      1;     20;      4;     16;      1;      0;      3;     16;      0;      0;      0;      0;   1.00;   0.00;   2.50;  16.00;   0.00;   0.00;   0.00;   0.00
2021/08/31 07:14:00;s4hd1prd;30.103;      1;     20;      4;     16;      1;      0;      3;     16;      0;      0;      0;      0;   1.00;   0.00;   2.50;  12.50;   0.00;   0.00;   0.00;   0.00
2021/08/31 07:16:00;s4hd1prd;30.103;      1;     19;      3;     16;      1;      0;      2;     16;      0;      0;      0;      0;   1.00;   0.00;   2.00;  16.00;   0.00;   0.00;   0.00;   0.00
2021/08/31 07:18:00;s4hd1prd;30.103;      1;     19;      3;     16;      1;      0;      2;     16;      0;      0;      0;      0;   1.00;   0.00;   2.00;  11.50;   0.00;   0.00;   0.00;   0.00
2021/08/31 07:20:00;s4hd1prd;30.103;      1;     21;      5;     16;      1;      0;      4;     16;      0;      0;      0;      0;   1.00;   0.00;   4.00;  16.00;   0.00;   0.00;   0.00;   0.00
2021/08/31 07:22:00;s4hd1prd;30.103;      1;     21;      4;     17;      1;      0;      3;     17;      0;      0;      0;      0;   1.00;   0.00;   2.00;   9.00;   0.00;   0.00;   0.00;   0.00
2021/08/31 07:24:00;s4hd1prd;30.103;      2;     23;      6;     17;      2;      0;      4;     17;      0;      0;      0;      0;   1.00;   0.00;   2.33;   8.50;   0.00;   0.00;   0.00;   0.00
2021/08/31 07:26:00;s4hd1prd;30.103;      1;      4;      3;      1;      1;      0;      2;      1;      0;      0;      0;      0;   1.00;   0.00;   2.00;   1.00;   0.00;   0.00;   0.00;   0.00
2021/08/31 07:28:00;s4hd1prd;30.103;      1;     21;      5;     16;      1;      0;      4;     16;      0;      0;      0;      0;   1.00;   0.00;   4.00;  16.00;   0.00;   0.00;   0.00;   0.00
2021/08/31 07:30:00;s4hd1prd;30.103;      1;     21;      5;     16;      1;      0;      4;     16;      0;      0;      0;      0;   1.00;   0.00;   4.00;  16.00;   0.00;   0.00;   0.00;   0.00
2021/08/31 07:34:00;s4hd1prd;30.103;      1;     20;      4;     16;      1;      0;      3;     16;      0;      0;      0;      0;   1.00;   0.00;   2.50;  16.00;   0.00;   0.00;   0.00;   0.00
2021/08/31 07:36:00;s4hd1prd;30.103;      3;     61;     13;     48;      3;      0;     10;     48;      0;      0;      0;      0;   1.00;   0.00;   3.33;  16.00;   0.00;   0.00;   0.00;   0.00
2021/08/31 07:38:00;s4hd1prd;30.103;      2;     41;      9;     32;      2;      0;      7;     32;      0;      0;      0;      0;   1.00;   0.00;   3.50;  16.00;   0.00;   0.00;   0.00;   0.00
2021/08/31 07:40:00;s4hd1prd;30.103;      1;     21;      5;     16;      1;      0;      4;     16;      0;      0;      0;      0;   1.00;   0.00;   2.00;   8.50;   0.00;   0.00;   0.00;   0.00
2021/08/31 07:42:00;s4hd1prd;30.103;      1;     21;      5;     16;      1;      0;      4;     16;      0;      0;      0;      0;   1.00;   0.00;   4.00;  16.00;   0.00;   0.00;   0.00;   0.00
2021/08/31 07:48:00;s4hd1prd;30.103;      1;      9;      4;      5;      1;      0;      3;      5;      0;      0;      0;      0;   1.00;   0.00;   3.00;   5.00;   0.00;   0.00;   0.00;   0.00
2021/08/31 07:50:00;s4hd1prd;30.103;      3;     44;     11;     33;      3;      0;      8;     33;      0;      0;      0;      0;   1.00;   0.00;   2.83;  13.50;   0.00;   0.00;   0.00;   0.00
2021/08/31 07:52:00;s4hd1prd;30.103;      1;      5;      3;      2;      1;      0;      2;      2;      0;      0;      0;      0;   1.00;   0.00;   2.00;   2.00;   0.00;   0.00;   0.00;   0.00
